{"jurorDocument":{"patientInformation":{"patientName":"Clement S Stanley","patientIdentifier":648286,"gender":"Male","DOB":"01/01/1995","testerComment":""},"evaluatedImmunizationHistory":{"vaccineAdministered":"seasonal flu","dateAdministered":"10/29/2015","validityReason":"","validDose":"YES","completionStatus":"Complete","vaccineGroup":"influenza NOS","testerComment":""},"immunizationForecast":[{"latestDate":"","dueDate":"01/01/2060","earlyDate":"01/01/2060","vaccineGroup":"pcv NOS","testerComment":""},{"latestDate":"","dueDate":"09/01/2016","earlyDate":"09/01/2016","vaccineGroup":"influenza NOS","testerComment":""},{"latestDate":"","dueDate":"01/01/1996","earlyDate":"01/01/1996","vaccineGroup":"MMR","testerComment":""},{"latestDate":"","dueDate":"01/01/1996","earlyDate":"01/01/1996","vaccineGroup":"Hep A","testerComment":""},{"latestDate":"","dueDate":"01/01/1995","earlyDate":"01/01/1995","vaccineGroup":"Hep B","testerComment":""},{"latestDate":"","dueDate":"01/01/2011","earlyDate":"01/01/2011","vaccineGroup":"MCV","testerComment":""},{"latestDate":"","dueDate":"01/01/1996","earlyDate":"01/01/1996","vaccineGroup":"varicella","testerComment":""},{"latestDate":"","dueDate":"01/01/2002","earlyDate":"01/01/2002","vaccineGroup":"TDAP","testerComment":""}],"immunizationScheduleUsed":{"immunizationSchedule":"ACIP","testerComment":""}}}