<?xml version="1.0" encoding="UTF-8"?>

<ConformanceContext UUID="87175e5b-2c85-4991-8f40-b16fe04ebf95">
  <Constraints>
    <Group>
      <ByName Name="ACK">
        <Constraint ID="TCA-3" Target="1[1].21[1].1[1]">
          <Reference GeneratedBy="Test Case Authoring &amp; Management Tool(TCAMT)" ReferencePath="MSH[1].21[1].1[1]" Source="DataInstanceTestCase" TestDataCategorization="Value-Test Case Fixed"/>
          <Description>Expected test case fixed content is missing. The value at MSH[1].21[1].1[1](Entity Identifier) does not match the expected value: 'Z23'.</Description>
          <Assertion>
            <PlainText IgnoreCase="false" Path="1[1].21[1].1[1]" Text="Z23"/>
          </Assertion>
        </Constraint>
        <Constraint ID="TCA-6" Target="1[1].6[1].1[1]">
          <Reference GeneratedBy="Test Case Authoring &amp; Management Tool(TCAMT)" ReferencePath="MSH[1].6[1].1[1]" Source="DataInstanceTestCase" TestDataCategorization="Presence-Content Indifferent"/>
          <Description>Expected content is missing. The empty value at MSH[1].6[1].1[1](Namespace ID) is expected to be present.</Description>
          <Assertion>
            <Presence Path="1[1].6[1].1[1]"/>
          </Assertion>
        </Constraint>
        <Constraint ID="TCA-8" Target="1[1].4[1].1[1]">
          <Reference GeneratedBy="Test Case Authoring &amp; Management Tool(TCAMT)" ReferencePath="MSH[1].4[1].1[1]" Source="DataInstanceTestCase" TestDataCategorization="Presence-Content Indifferent"/>
          <Description>Expected content is missing. The empty value at MSH[1].4[1].1[1](Namespace ID) is expected to be present.</Description>
          <Assertion>
            <Presence Path="1[1].4[1].1[1]"/>
          </Assertion>
        </Constraint>
        <Constraint ID="TCA-13" Target="1[1].23[1].1[1]">
          <Reference GeneratedBy="Test Case Authoring &amp; Management Tool(TCAMT)" ReferencePath="MSH[1].23[1].1[1]" Source="DataInstanceTestCase" TestDataCategorization="Presence-Content Indifferent"/>
          <Description>Expected content is missing. The empty value at MSH[1].23[1].1[1](Organization Name) is expected to be present.</Description>
          <Assertion>
            <Presence Path="1[1].23[1].1[1]"/>
          </Assertion>
        </Constraint>
        <Constraint ID="TCA-15" Target="1[1].3[1].1[1]">
          <Reference GeneratedBy="Test Case Authoring &amp; Management Tool(TCAMT)" ReferencePath="MSH[1].3[1].1[1]" Source="DataInstanceTestCase" TestDataCategorization="Presence-Content Indifferent"/>
          <Description>Expected content is missing. The empty value at MSH[1].3[1].1[1](Namespace ID) is expected to be present.</Description>
          <Assertion>
            <Presence Path="1[1].3[1].1[1]"/>
          </Assertion>
        </Constraint>
        <Constraint ID="TCA-16" Target="3[1].1[1]">
          <Reference GeneratedBy="Test Case Authoring &amp; Management Tool(TCAMT)" ReferencePath="MSA[1].1[1]" Source="DataInstanceTestCase" TestDataCategorization="Value-Test Case Fixed"/>
          <Description>Expected test case fixed content is missing. The value at MSA[1].1[1](Acknowledgment Code) does not match the expected value: 'AA'.</Description>
          <Assertion>
            <PlainText IgnoreCase="false" Path="3[1].1[1]" Text="AA"/>
          </Assertion>
        </Constraint>
        <Constraint ID="TCA-17" Target="1[1].5[1].1[1]">
          <Reference GeneratedBy="Test Case Authoring &amp; Management Tool(TCAMT)" ReferencePath="MSH[1].5[1].1[1]" Source="DataInstanceTestCase" TestDataCategorization="Presence-Content Indifferent"/>
          <Description>Expected content is missing. The empty value at MSH[1].5[1].1[1](Namespace ID) is expected to be present.</Description>
          <Assertion>
            <Presence Path="1[1].5[1].1[1]"/>
          </Assertion>
        </Constraint>
        <Constraint ID="TCA-19" Target="1[1].21[1].2[1]">
          <Reference GeneratedBy="Test Case Authoring &amp; Management Tool(TCAMT)" ReferencePath="MSH[1].21[1].2[1]" Source="DataInstanceTestCase" TestDataCategorization="Value-Test Case Fixed"/>
          <Description>Expected content is missing. The empty value at MSH[1].21[1].2[1](Namespace ID) is expected to be present.</Description>
          <Assertion>
            <Presence Path="1[1].21[1].2[1]"/>
          </Assertion>
        </Constraint>
        <Constraint ID="TCA-19" Target="1[1].21[1].2[1]">
          <Reference GeneratedBy="Test Case Authoring &amp; Management Tool(TCAMT)" ReferencePath="MSH[1].21[1].2[1]" Source="DataInstanceTestCase" TestDataCategorization="Value-Test Case Fixed"/>
          <Description>Expected test case fixed content is missing. The value at MSH[1].21[1].2[1](Namespace ID) does not match the expected value: 'CDCPHINVS'.</Description>
          <Assertion>
            <PlainText IgnoreCase="false" Path="1[1].21[1].2[1]" Text="CDCPHINVS"/>
          </Assertion>
        </Constraint>
        <Constraint ID="TCA-21" Target="1[1].22[1].1[1]">
          <Reference GeneratedBy="Test Case Authoring &amp; Management Tool(TCAMT)" ReferencePath="MSH[1].22[1].1[1]" Source="DataInstanceTestCase" TestDataCategorization="Presence-Content Indifferent"/>
          <Description>Expected content is missing. The empty value at MSH[1].22[1].1[1](Organization Name) is expected to be present.</Description>
          <Assertion>
            <Presence Path="1[1].22[1].1[1]"/>
          </Assertion>
        </Constraint>
      </ByName>
    </Group>
  </Constraints>
</ConformanceContext>
