<?xml version="1.0" encoding="UTF-8"?>

<ConformanceContext UUID="c70656f4-9dc3-4f07-8d6d-3088a2cf4520">
  <Constraints>
    <Group>
      <ByName Name="ACK">
        <Constraint ID="TCA-3" Target="4[1].3[1].2[1]">
          <Reference GeneratedBy="Test Case Authoring &amp; Management Tool(TCAMT)" ReferencePath="ERR[1].3[1].2[1]" Source="DataInstanceTestCase" TestDataCategorization="Presence-Content Indifferent"/>
          <Description>Expected content is missing. The empty value at ERR[1].3[1].2[1](Text) is expected to be present.</Description>
          <Assertion>
            <Presence Path="4[1].3[1].2[1]"/>
          </Assertion>
        </Constraint>
        <Constraint ID="TCA-4" Target="1[1].4[1].1[1]">
          <Reference GeneratedBy="Test Case Authoring &amp; Management Tool(TCAMT)" ReferencePath="MSH[1].4[1].1[1]" Source="DataInstanceTestCase" TestDataCategorization="Presence-Content Indifferent"/>
          <Description>Expected content is missing. The empty value at MSH[1].4[1].1[1](Namespace ID) is expected to be present.</Description>
          <Assertion>
            <Presence Path="1[1].4[1].1[1]"/>
          </Assertion>
        </Constraint>
        <Constraint ID="TCA-5" Target="1[1].21[1].1[1]">
          <Reference GeneratedBy="Test Case Authoring &amp; Management Tool(TCAMT)" ReferencePath="MSH[1].21[1].1[1]" Source="DataInstanceTestCase" TestDataCategorization="Value-Test Case Fixed"/>
          <Description>Expected test case fixed content is missing. The value at MSH[1].21[1].1[1](Entity Identifier) does not match the expected value: 'Z23'.</Description>
          <Assertion>
            <PlainText IgnoreCase="false" Path="1[1].21[1].1[1]" Text="Z23"/>
          </Assertion>
        </Constraint>
        <Constraint ID="TCA-6" Target="4[1].2[1].3[1]">
          <Reference GeneratedBy="Test Case Authoring &amp; Management Tool(TCAMT)" ReferencePath="ERR[1].2[1].3[1]" Source="DataInstanceTestCase" TestDataCategorization="Value-Test Case Fixed"/>
          <Description>Expected content is missing. The empty value at ERR[1].2[1].3[1](Field Position) is expected to be present.</Description>
          <Assertion>
            <Presence Path="4[1].2[1].3[1]"/>
          </Assertion>
        </Constraint>
        <Constraint ID="TCA-6" Target="4[1].2[1].3[1]">
          <Reference GeneratedBy="Test Case Authoring &amp; Management Tool(TCAMT)" ReferencePath="ERR[1].2[1].3[1]" Source="DataInstanceTestCase" TestDataCategorization="Value-Test Case Fixed"/>
          <Description>Expected test case fixed content is missing. The value at ERR[1].2[1].3[1](Field Position) does not match the expected value: '1'.</Description>
          <Assertion>
            <PlainText IgnoreCase="false" Path="4[1].2[1].3[1]" Text="1"/>
          </Assertion>
        </Constraint>
        <Constraint ID="TCA-7" Target="4[1].2[1].1[1]">
          <Reference GeneratedBy="Test Case Authoring &amp; Management Tool(TCAMT)" ReferencePath="ERR[1].2[1].1[1]" Source="DataInstanceTestCase" TestDataCategorization="Value-Test Case Fixed"/>
          <Description>Expected content is missing. The empty value at ERR[1].2[1].1[1](Segment ID) is expected to be present.</Description>
          <Assertion>
            <Presence Path="4[1].2[1].1[1]"/>
          </Assertion>
        </Constraint>
        <Constraint ID="TCA-7" Target="4[1].2[1].1[1]">
          <Reference GeneratedBy="Test Case Authoring &amp; Management Tool(TCAMT)" ReferencePath="ERR[1].2[1].1[1]" Source="DataInstanceTestCase" TestDataCategorization="Value-Test Case Fixed"/>
          <Description>Expected test case fixed content is missing. The value at ERR[1].2[1].1[1](Segment ID) does not match the expected value: 'MSH'.</Description>
          <Assertion>
            <PlainText IgnoreCase="false" Path="4[1].2[1].1[1]" Text="MSH"/>
          </Assertion>
        </Constraint>
        <Constraint ID="TCA-8" Target="3[1].1[1]">
          <Reference GeneratedBy="Test Case Authoring &amp; Management Tool(TCAMT)" ReferencePath="MSA[1].1[1]" Source="DataInstanceTestCase" TestDataCategorization="Value-Test Case Fixed"/>
          <Description>Expected test case fixed content is missing. The value at MSA[1].1[1](Acknowledgment Code) does not match the expected value: 'AR'.</Description>
          <Assertion>
            <PlainText IgnoreCase="false" Path="3[1].1[1]" Text="AR"/>
          </Assertion>
        </Constraint>
        <Constraint ID="TCA-9" Target="4[1].8[1]">
          <Reference GeneratedBy="Test Case Authoring &amp; Management Tool(TCAMT)" ReferencePath="ERR[1].8[1]" Source="DataInstanceTestCase" TestDataCategorization="Presence-Content Indifferent"/>
          <Description>Expected content is missing. The empty value at ERR[1].8[1](User Message) is expected to be present.</Description>
          <Assertion>
            <Presence Path="4[1].8[1]"/>
          </Assertion>
        </Constraint>
        <Constraint ID="TCA-10" Target="4[1].3[1].1[1]">
          <Reference GeneratedBy="Test Case Authoring &amp; Management Tool(TCAMT)" ReferencePath="ERR[1].3[1].1[1]" Source="DataInstanceTestCase" TestDataCategorization="Value-Test Case Fixed"/>
          <Description>Expected content is missing. The empty value at ERR[1].3[1].1[1](Identifier) is expected to be present.</Description>
          <Assertion>
            <Presence Path="4[1].3[1].1[1]"/>
          </Assertion>
        </Constraint>
        <Constraint ID="TCA-10" Target="4[1].3[1].1[1]">
          <Reference GeneratedBy="Test Case Authoring &amp; Management Tool(TCAMT)" ReferencePath="ERR[1].3[1].1[1]" Source="DataInstanceTestCase" TestDataCategorization="Value-Test Case Fixed"/>
          <Description>Expected test case fixed content is missing. The value at ERR[1].3[1].1[1](Identifier) does not match the expected value: '203'.</Description>
          <Assertion>
            <PlainText IgnoreCase="false" Path="4[1].3[1].1[1]" Text="203"/>
          </Assertion>
        </Constraint>
        <Constraint ID="TCA-11" Target="4[1].3[1].3[1]">
          <Reference GeneratedBy="Test Case Authoring &amp; Management Tool(TCAMT)" ReferencePath="ERR[1].3[1].3[1]" Source="DataInstanceTestCase" TestDataCategorization="Value-Profile Fixed"/>
          <Description>Expected content is missing. The empty value at ERR[1].3[1].3[1](Name of Coding System) is expected to be present.</Description>
          <Assertion>
            <Presence Path="4[1].3[1].3[1]"/>
          </Assertion>
        </Constraint>
        <Constraint ID="TCA-15" Target="4[1].2[1].2[1]">
          <Reference GeneratedBy="Test Case Authoring &amp; Management Tool(TCAMT)" ReferencePath="ERR[1].2[1].2[1]" Source="DataInstanceTestCase" TestDataCategorization="Value-Test Case Fixed"/>
          <Description>Expected content is missing. The empty value at ERR[1].2[1].2[1](Segment Sequence) is expected to be present.</Description>
          <Assertion>
            <Presence Path="4[1].2[1].2[1]"/>
          </Assertion>
        </Constraint>
        <Constraint ID="TCA-15" Target="4[1].2[1].2[1]">
          <Reference GeneratedBy="Test Case Authoring &amp; Management Tool(TCAMT)" ReferencePath="ERR[1].2[1].2[1]" Source="DataInstanceTestCase" TestDataCategorization="Value-Test Case Fixed"/>
          <Description>Expected test case fixed content is missing. The value at ERR[1].2[1].2[1](Segment Sequence) does not match the expected value: '12'.</Description>
          <Assertion>
            <PlainText IgnoreCase="false" Path="4[1].2[1].2[1]" Text="12"/>
          </Assertion>
        </Constraint>
        <Constraint ID="TCA-17" Target="1[1].23[1].1[1]">
          <Reference GeneratedBy="Test Case Authoring &amp; Management Tool(TCAMT)" ReferencePath="MSH[1].23[1].1[1]" Source="DataInstanceTestCase" TestDataCategorization="Presence-Content Indifferent"/>
          <Description>Expected content is missing. The empty value at MSH[1].23[1].1[1](Organization Name) is expected to be present.</Description>
          <Assertion>
            <Presence Path="1[1].23[1].1[1]"/>
          </Assertion>
        </Constraint>
        <Constraint ID="TCA-18" Target="1[1].21[1].2[1]">
          <Reference GeneratedBy="Test Case Authoring &amp; Management Tool(TCAMT)" ReferencePath="MSH[1].21[1].2[1]" Source="DataInstanceTestCase" TestDataCategorization="Value-Test Case Fixed"/>
          <Description>Expected content is missing. The empty value at MSH[1].21[1].2[1](Namespace ID) is expected to be present.</Description>
          <Assertion>
            <Presence Path="1[1].21[1].2[1]"/>
          </Assertion>
        </Constraint>
        <Constraint ID="TCA-18" Target="1[1].21[1].2[1]">
          <Reference GeneratedBy="Test Case Authoring &amp; Management Tool(TCAMT)" ReferencePath="MSH[1].21[1].2[1]" Source="DataInstanceTestCase" TestDataCategorization="Value-Test Case Fixed"/>
          <Description>Expected test case fixed content is missing. The value at MSH[1].21[1].2[1](Namespace ID) does not match the expected value: 'CDCPHINVS'.</Description>
          <Assertion>
            <PlainText IgnoreCase="false" Path="1[1].21[1].2[1]" Text="CDCPHINVS"/>
          </Assertion>
        </Constraint>
        <Constraint ID="TCA-19" Target="4[1].2[1].4[1]">
          <Reference GeneratedBy="Test Case Authoring &amp; Management Tool(TCAMT)" ReferencePath="ERR[1].2[1].4[1]" Source="DataInstanceTestCase" TestDataCategorization="Value-Test Case Fixed"/>
          <Description>Expected content is missing. The empty value at ERR[1].2[1].4[1](Field Repetition) is expected to be present.</Description>
          <Assertion>
            <Presence Path="4[1].2[1].4[1]"/>
          </Assertion>
        </Constraint>
        <Constraint ID="TCA-19" Target="4[1].2[1].4[1]">
          <Reference GeneratedBy="Test Case Authoring &amp; Management Tool(TCAMT)" ReferencePath="ERR[1].2[1].4[1]" Source="DataInstanceTestCase" TestDataCategorization="Value-Test Case Fixed"/>
          <Description>Expected test case fixed content is missing. The value at ERR[1].2[1].4[1](Field Repetition) does not match the expected value: '1'.</Description>
          <Assertion>
            <PlainText IgnoreCase="false" Path="4[1].2[1].4[1]" Text="1"/>
          </Assertion>
        </Constraint>
        <Constraint ID="TCA-21" Target="1[1].3[1].1[1]">
          <Reference GeneratedBy="Test Case Authoring &amp; Management Tool(TCAMT)" ReferencePath="MSH[1].3[1].1[1]" Source="DataInstanceTestCase" TestDataCategorization="Presence-Content Indifferent"/>
          <Description>Expected content is missing. The empty value at MSH[1].3[1].1[1](Namespace ID) is expected to be present.</Description>
          <Assertion>
            <Presence Path="1[1].3[1].1[1]"/>
          </Assertion>
        </Constraint>
        <Constraint ID="TCA-23" Target="1[1].5[1].1[1]">
          <Reference GeneratedBy="Test Case Authoring &amp; Management Tool(TCAMT)" ReferencePath="MSH[1].5[1].1[1]" Source="DataInstanceTestCase" TestDataCategorization="Presence-Content Indifferent"/>
          <Description>Expected content is missing. The empty value at MSH[1].5[1].1[1](Namespace ID) is expected to be present.</Description>
          <Assertion>
            <Presence Path="1[1].5[1].1[1]"/>
          </Assertion>
        </Constraint>
        <Constraint ID="TCA-25" Target="1[1].6[1].1[1]">
          <Reference GeneratedBy="Test Case Authoring &amp; Management Tool(TCAMT)" ReferencePath="MSH[1].6[1].1[1]" Source="DataInstanceTestCase" TestDataCategorization="Presence-Content Indifferent"/>
          <Description>Expected content is missing. The empty value at MSH[1].6[1].1[1](Namespace ID) is expected to be present.</Description>
          <Assertion>
            <Presence Path="1[1].6[1].1[1]"/>
          </Assertion>
        </Constraint>
        <Constraint ID="TCA-28" Target="1[1].22[1].1[1]">
          <Reference GeneratedBy="Test Case Authoring &amp; Management Tool(TCAMT)" ReferencePath="MSH[1].22[1].1[1]" Source="DataInstanceTestCase" TestDataCategorization="Presence-Content Indifferent"/>
          <Description>Expected content is missing. The empty value at MSH[1].22[1].1[1](Organization Name) is expected to be present.</Description>
          <Assertion>
            <Presence Path="1[1].22[1].1[1]"/>
          </Assertion>
        </Constraint>
        <Constraint ID="TCA-30" Target="4[1].4[1]">
          <Reference GeneratedBy="Test Case Authoring &amp; Management Tool(TCAMT)" ReferencePath="ERR[1].4[1]" Source="DataInstanceTestCase" TestDataCategorization="Value-Test Case Fixed"/>
          <Description>Expected content is missing. The empty value at ERR[1].4[1](Severity) is expected to be present.</Description>
          <Assertion>
            <Presence Path="4[1].4[1]"/>
          </Assertion>
        </Constraint>
        <Constraint ID="TCA-30" Target="4[1].4[1]">
          <Reference GeneratedBy="Test Case Authoring &amp; Management Tool(TCAMT)" ReferencePath="ERR[1].4[1]" Source="DataInstanceTestCase" TestDataCategorization="Value-Test Case Fixed"/>
          <Description>Expected test case fixed content is missing. The value at ERR[1].4[1](Severity) does not match the expected value: 'E'.</Description>
          <Assertion>
            <PlainText IgnoreCase="false" Path="4[1].4[1]" Text="E"/>
          </Assertion>
        </Constraint>
      </ByName>
    </Group>
  </Constraints>
</ConformanceContext>
