{
  "teststorydesc" : "A patient is seen at a clinic. A historical vaccination is recorded but the IIS is unable to process the administration message, rejects it and returns a fatal error in the acknowledgement message.",
  "comments" : "No Comments",
  "preCondition" : "No PreCondition",
  "postCondition" : "The returned error must be visible in the EHR.",
  "testObjectives" : "This test case assesses the ability of the EHR to accept an acknowledgement message with a fatal error being returned by the IIS.",
  "evaluationCriteria" : "<br>",
  "notes" : "No Note"
}