<?xml version="1.0" encoding="UTF-8"?>

<ConformanceContext UUID="932c44af-b6d6-46e2-a045-e1002c06cae1">
  <Constraints>
    <Group>
      <ByName Name="QBP_Q11">
        <Constraint ID="TCA-1" Target="1[1].3[1].1[1]">
          <Reference GeneratedBy="Test Case Authoring &amp; Management Tool(TCAMT)" ReferencePath="MSH[1].3[1].1[1]" Source="TestCase" TestDataCategorization="Presence-Configuration"/>
          <Description>Expected content is missing. The empty value at MSH[1].3[1].1[1](Namespace ID) is expected to be present.</Description>
          <Assertion>
            <Presence Path="1[1].3[1].1[1]"/>
          </Assertion>
        </Constraint>
        <Constraint ID="TCA-2" Target="1[1].21[1].1[1]">
          <Reference GeneratedBy="Test Case Authoring &amp; Management Tool(TCAMT)" ReferencePath="MSH[1].21[1].1[1]" Source="TestCase" TestDataCategorization="Value-Test Case Fixed"/>
          <Description>Expected test case fixed content is missing. The value at MSH[1].21[1].1[1](Entity Identifier) does not match the expected value: 'Z44'.</Description>
          <Assertion>
            <PlainText IgnoreCase="false" Path="1[1].21[1].1[1]" Text="Z44"/>
          </Assertion>
        </Constraint>
        <Constraint ID="TCA-3" Target="3[1].5[1].1[1].1[1]">
          <Reference GeneratedBy="Test Case Authoring &amp; Management Tool(TCAMT)" ReferencePath="QPD[1].5[1].1[1].1[1]" Source="TestCase" TestDataCategorization="Value-Test Case Fixed"/>
          <Description>Expected content is missing. The empty value at QPD[1].5[1].1[1].1[1](Surname) is expected to be present.</Description>
          <Assertion>
            <Presence Path="3[1].5[1].1[1].1[1]"/>
          </Assertion>
        </Constraint>
        <Constraint ID="TCA-3" Target="3[1].5[1].1[1].1[1]">
          <Reference GeneratedBy="Test Case Authoring &amp; Management Tool(TCAMT)" ReferencePath="QPD[1].5[1].1[1].1[1]" Source="TestCase" TestDataCategorization="Value-Test Case Fixed"/>
          <Description>Expected test case fixed content is missing. The value at QPD[1].5[1].1[1].1[1](Surname) does not match the expected value: 'Que'.</Description>
          <Assertion>
            <PlainText IgnoreCase="false" Path="3[1].5[1].1[1].1[1]" Text="Que"/>
          </Assertion>
        </Constraint>
        <Constraint ID="TCA-4" Target="1[1].23[1].1[1]">
          <Reference GeneratedBy="Test Case Authoring &amp; Management Tool(TCAMT)" ReferencePath="MSH[1].23[1].1[1]" Source="TestCase" TestDataCategorization="Presence-Configuration"/>
          <Description>Expected content is missing. The empty value at MSH[1].23[1].1[1](Organization Name) is expected to be present.</Description>
          <Assertion>
            <Presence Path="1[1].23[1].1[1]"/>
          </Assertion>
        </Constraint>
        <Constraint ID="TCA-6" Target="3[1].5[1].7[1]">
          <Reference GeneratedBy="Test Case Authoring &amp; Management Tool(TCAMT)" ReferencePath="QPD[1].5[1].7[1]" Source="TestCase" TestDataCategorization="Value-Profile Fixed"/>
          <Description>Expected content is missing. The empty value at QPD[1].5[1].7[1](Name Type Code) is expected to be present.</Description>
          <Assertion>
            <Presence Path="3[1].5[1].7[1]"/>
          </Assertion>
        </Constraint>
        <Constraint ID="TCA-7" Target="1[1].6[1].1[1]">
          <Reference GeneratedBy="Test Case Authoring &amp; Management Tool(TCAMT)" ReferencePath="MSH[1].6[1].1[1]" Source="TestCase" TestDataCategorization="Presence-Configuration"/>
          <Description>Expected content is missing. The empty value at MSH[1].6[1].1[1](Namespace ID) is expected to be present.</Description>
          <Assertion>
            <Presence Path="1[1].6[1].1[1]"/>
          </Assertion>
        </Constraint>
        <Constraint ID="TCA-11" Target="3[1].8[1].3[1]">
          <Reference GeneratedBy="Test Case Authoring &amp; Management Tool(TCAMT)" ReferencePath="QPD[1].8[1].3[1]" Source="TestCase" TestDataCategorization="Value-Test Case Fixed"/>
          <Description>Expected content is missing. The empty value at QPD[1].8[1].3[1](City) is expected to be present.</Description>
          <Assertion>
            <Presence Path="3[1].8[1].3[1]"/>
          </Assertion>
        </Constraint>
        <Constraint ID="TCA-11" Target="3[1].8[1].3[1]">
          <Reference GeneratedBy="Test Case Authoring &amp; Management Tool(TCAMT)" ReferencePath="QPD[1].8[1].3[1]" Source="TestCase" TestDataCategorization="Value-Test Case Fixed"/>
          <Description>Expected test case fixed content is missing. The value at QPD[1].8[1].3[1](City) does not match the expected value: 'Bozeman'.</Description>
          <Assertion>
            <PlainText IgnoreCase="false" Path="3[1].8[1].3[1]" Text="Bozeman"/>
          </Assertion>
        </Constraint>
        <Constraint ID="TCA-14" Target="4[1].2[1].2[1].2[1]">
          <Reference GeneratedBy="Test Case Authoring &amp; Management Tool(TCAMT)" ReferencePath="RCP[1].2[1].2[1].2[1]" Source="TestCase" TestDataCategorization="Value-Profile Fixed"/>
          <Description>Expected content is missing. The empty value at RCP[1].2[1].2[1].2[1](Text) is expected to be present.</Description>
          <Assertion>
            <Presence Path="4[1].2[1].2[1].2[1]"/>
          </Assertion>
        </Constraint>
        <Constraint ID="TCA-15" Target="3[1].3[1].5[1]">
          <Reference GeneratedBy="Test Case Authoring &amp; Management Tool(TCAMT)" ReferencePath="QPD[1].3[1].5[1]" Source="TestCase" TestDataCategorization="Value-Test Case Fixed"/>
          <Description>Expected content is missing. The empty value at QPD[1].3[1].5[1](Identifier Type Code) is expected to be present.</Description>
          <Assertion>
            <Presence Path="3[1].3[1].5[1]"/>
          </Assertion>
        </Constraint>
        <Constraint ID="TCA-15" Target="3[1].3[1].5[1]">
          <Reference GeneratedBy="Test Case Authoring &amp; Management Tool(TCAMT)" ReferencePath="QPD[1].3[1].5[1]" Source="TestCase" TestDataCategorization="Value-Test Case Fixed"/>
          <Description>Expected test case fixed content is missing. The value at QPD[1].3[1].5[1](Identifier Type Code) does not match the expected value: 'MR'.</Description>
          <Assertion>
            <PlainText IgnoreCase="false" Path="3[1].3[1].5[1]" Text="MR"/>
          </Assertion>
        </Constraint>
        <Constraint ID="TCA-18" Target="4[1].2[1].1[1]">
          <Reference GeneratedBy="Test Case Authoring &amp; Management Tool(TCAMT)" ReferencePath="RCP[1].2[1].1[1]" Source="TestCase" TestDataCategorization="Value-Test Case Fixed"/>
          <Description>Expected test case fixed content is missing. The value at RCP[1].2[1].1[1](Quantity) does not match the expected value: '1'.</Description>
          <Assertion>
            <PlainText IgnoreCase="false" Path="4[1].2[1].1[1]" Text="1"/>
          </Assertion>
        </Constraint>
        <Constraint ID="TCA-19" Target="3[1].1[1].2[1]">
          <Reference GeneratedBy="Test Case Authoring &amp; Management Tool(TCAMT)" ReferencePath="QPD[1].1[1].2[1]" Source="TestCase" TestDataCategorization="Value-Test Case Fixed"/>
          <Description>Expected content is missing. The empty value at QPD[1].1[1].2[1](Text) is expected to be present.</Description>
          <Assertion>
            <Presence Path="3[1].1[1].2[1]"/>
          </Assertion>
        </Constraint>
        <Constraint ID="TCA-19" Target="3[1].1[1].2[1]">
          <Reference GeneratedBy="Test Case Authoring &amp; Management Tool(TCAMT)" ReferencePath="QPD[1].1[1].2[1]" Source="TestCase" TestDataCategorization="Value-Test Case Fixed"/>
          <Description>Expected test case fixed content is missing. The value at QPD[1].1[1].2[1](Text) does not match the expected value: 'Request Evaluated History and Forecast'.</Description>
          <Assertion>
            <PlainText IgnoreCase="false" Path="3[1].1[1].2[1]" Text="Request Evaluated History and Forecast"/>
          </Assertion>
        </Constraint>
        <Constraint ID="TCA-20" Target="3[1].4[1].3[1]">
          <Reference GeneratedBy="Test Case Authoring &amp; Management Tool(TCAMT)" ReferencePath="QPD[1].4[1].3[1]" Source="TestCase" TestDataCategorization="Value-Test Case Fixed"/>
          <Description>Expected content is missing. The empty value at QPD[1].4[1].3[1](Second and Further Given Names or Initials Thereof) is expected to be present.</Description>
          <Assertion>
            <Presence Path="3[1].4[1].3[1]"/>
          </Assertion>
        </Constraint>
        <Constraint ID="TCA-20" Target="3[1].4[1].3[1]">
          <Reference GeneratedBy="Test Case Authoring &amp; Management Tool(TCAMT)" ReferencePath="QPD[1].4[1].3[1]" Source="TestCase" TestDataCategorization="Value-Test Case Fixed"/>
          <Description>Expected test case fixed content is missing. The value at QPD[1].4[1].3[1](Second and Further Given Names or Initials Thereof) does not match the expected value: 'Q'.</Description>
          <Assertion>
            <PlainText IgnoreCase="false" Path="3[1].4[1].3[1]" Text="Q"/>
          </Assertion>
        </Constraint>
        <Constraint ID="TCA-22" Target="4[1].1[1]">
          <Reference GeneratedBy="Test Case Authoring &amp; Management Tool(TCAMT)" ReferencePath="RCP[1].1[1]" Source="TestCase" TestDataCategorization="Value-Profile Fixed"/>
          <Description>Expected content is missing. The empty value at RCP[1].1[1](Query Priority) is expected to be present.</Description>
          <Assertion>
            <Presence Path="4[1].1[1]"/>
          </Assertion>
        </Constraint>
        <Constraint ID="TCA-23" Target="3[1].1[1].1[1]">
          <Reference GeneratedBy="Test Case Authoring &amp; Management Tool(TCAMT)" ReferencePath="QPD[1].1[1].1[1]" Source="TestCase" TestDataCategorization="Value-Test Case Fixed"/>
          <Description>Expected test case fixed content is missing. The value at QPD[1].1[1].1[1](Identifier) does not match the expected value: 'Z44'.</Description>
          <Assertion>
            <PlainText IgnoreCase="false" Path="3[1].1[1].1[1]" Text="Z44"/>
          </Assertion>
        </Constraint>
        <Constraint ID="TCA-24" Target="1[1].21[1].2[1]">
          <Reference GeneratedBy="Test Case Authoring &amp; Management Tool(TCAMT)" ReferencePath="MSH[1].21[1].2[1]" Source="TestCase" TestDataCategorization="Value-Profile Fixed"/>
          <Description>Expected content is missing. The empty value at MSH[1].21[1].2[1](Namespace ID) is expected to be present.</Description>
          <Assertion>
            <Presence Path="1[1].21[1].2[1]"/>
          </Assertion>
        </Constraint>
        <Constraint ID="TCA-28" Target="3[1].3[1].1[1]">
          <Reference GeneratedBy="Test Case Authoring &amp; Management Tool(TCAMT)" ReferencePath="QPD[1].3[1].1[1]" Source="TestCase" TestDataCategorization="Value-Test Case Fixed"/>
          <Description>Expected content is missing. The empty value at QPD[1].3[1].1[1](ID Number) is expected to be present.</Description>
          <Assertion>
            <Presence Path="3[1].3[1].1[1]"/>
          </Assertion>
        </Constraint>
        <Constraint ID="TCA-28" Target="3[1].3[1].1[1]">
          <Reference GeneratedBy="Test Case Authoring &amp; Management Tool(TCAMT)" ReferencePath="QPD[1].3[1].1[1]" Source="TestCase" TestDataCategorization="Value-Test Case Fixed"/>
          <Description>Expected test case fixed content is missing. The value at QPD[1].3[1].1[1](ID Number) does not match the expected value: '171122'.</Description>
          <Assertion>
            <PlainText IgnoreCase="false" Path="3[1].3[1].1[1]" Text="171122"/>
          </Assertion>
        </Constraint>
        <Constraint ID="TCA-31" Target="3[1].6[1].1[1]">
          <Reference GeneratedBy="Test Case Authoring &amp; Management Tool(TCAMT)" ReferencePath="QPD[1].6[1].1[1]" Source="TestCase" TestDataCategorization="Value-Test Case Fixed"/>
          <Description>Expected content is missing. The empty value at QPD[1].6[1].1[1](Time) is expected to be present.</Description>
          <Assertion>
            <Presence Path="3[1].6[1].1[1]"/>
          </Assertion>
        </Constraint>
        <Constraint ID="TCA-31" Target="3[1].6[1].1[1]">
          <Reference GeneratedBy="Test Case Authoring &amp; Management Tool(TCAMT)" ReferencePath="QPD[1].6[1].1[1]" Source="TestCase" TestDataCategorization="Value-Test Case Fixed"/>
          <Description>Expected test case fixed content is missing. The value at QPD[1].6[1].1[1](Time) does not match the expected value: '20090214'.</Description>
          <Assertion>
            <PlainText IgnoreCase="false" Path="3[1].6[1].1[1]" Text="20090214"/>
          </Assertion>
        </Constraint>
        <Constraint ID="TCA-32" Target="3[1].4[1].7[1]">
          <Reference GeneratedBy="Test Case Authoring &amp; Management Tool(TCAMT)" ReferencePath="QPD[1].4[1].7[1]" Source="TestCase" TestDataCategorization="Value-Test Case Fixed"/>
          <Description>Expected content is missing. The empty value at QPD[1].4[1].7[1](Name Type Code) is expected to be present.</Description>
          <Assertion>
            <Presence Path="3[1].4[1].7[1]"/>
          </Assertion>
        </Constraint>
        <Constraint ID="TCA-32" Target="3[1].4[1].7[1]">
          <Reference GeneratedBy="Test Case Authoring &amp; Management Tool(TCAMT)" ReferencePath="QPD[1].4[1].7[1]" Source="TestCase" TestDataCategorization="Value-Test Case Fixed"/>
          <Description>Expected test case fixed content is missing. The value at QPD[1].4[1].7[1](Name Type Code) does not match the expected value: 'L'.</Description>
          <Assertion>
            <PlainText IgnoreCase="false" Path="3[1].4[1].7[1]" Text="L"/>
          </Assertion>
        </Constraint>
        <Constraint ID="TCA-33" Target="3[1].4[1].1[1].1[1]">
          <Reference GeneratedBy="Test Case Authoring &amp; Management Tool(TCAMT)" ReferencePath="QPD[1].4[1].1[1].1[1]" Source="TestCase" TestDataCategorization="Value-Test Case Fixed"/>
          <Description>Expected content is missing. The empty value at QPD[1].4[1].1[1].1[1](Surname) is expected to be present.</Description>
          <Assertion>
            <Presence Path="3[1].4[1].1[1].1[1]"/>
          </Assertion>
        </Constraint>
        <Constraint ID="TCA-33" Target="3[1].4[1].1[1].1[1]">
          <Reference GeneratedBy="Test Case Authoring &amp; Management Tool(TCAMT)" ReferencePath="QPD[1].4[1].1[1].1[1]" Source="TestCase" TestDataCategorization="Value-Test Case Fixed"/>
          <Description>Expected test case fixed content is missing. The value at QPD[1].4[1].1[1].1[1](Surname) does not match the expected value: 'Child'.</Description>
          <Assertion>
            <PlainText IgnoreCase="false" Path="3[1].4[1].1[1].1[1]" Text="Child"/>
          </Assertion>
        </Constraint>
        <Constraint ID="TCA-35" Target="3[1].3[1].4[1].1[1]">
          <Reference GeneratedBy="Test Case Authoring &amp; Management Tool(TCAMT)" ReferencePath="QPD[1].3[1].4[1].1[1]" Source="TestCase" TestDataCategorization="Value-Test Case Fixed"/>
          <Description>Expected content is missing. The empty value at QPD[1].3[1].4[1].1[1](Namespace ID) is expected to be present.</Description>
          <Assertion>
            <Presence Path="3[1].3[1].4[1].1[1]"/>
          </Assertion>
        </Constraint>
        <Constraint ID="TCA-35" Target="3[1].3[1].4[1].1[1]">
          <Reference GeneratedBy="Test Case Authoring &amp; Management Tool(TCAMT)" ReferencePath="QPD[1].3[1].4[1].1[1]" Source="TestCase" TestDataCategorization="Value-Test Case Fixed"/>
          <Description>Expected test case fixed content is missing. The value at QPD[1].3[1].4[1].1[1](Namespace ID) does not match the expected value: 'NIST MPI'.</Description>
          <Assertion>
            <PlainText IgnoreCase="false" Path="3[1].3[1].4[1].1[1]" Text="NIST MPI"/>
          </Assertion>
        </Constraint>
        <Constraint ID="TCA-38" Target="3[1].8[1].1[1].1[1]">
          <Reference GeneratedBy="Test Case Authoring &amp; Management Tool(TCAMT)" ReferencePath="QPD[1].8[1].1[1].1[1]" Source="TestCase" TestDataCategorization="Value-Test Case Fixed"/>
          <Description>Expected content is missing. The empty value at QPD[1].8[1].1[1].1[1](Street or Mailing Address) is expected to be present.</Description>
          <Assertion>
            <Presence Path="3[1].8[1].1[1].1[1]"/>
          </Assertion>
        </Constraint>
        <Constraint ID="TCA-38" Target="3[1].8[1].1[1].1[1]">
          <Reference GeneratedBy="Test Case Authoring &amp; Management Tool(TCAMT)" ReferencePath="QPD[1].8[1].1[1].1[1]" Source="TestCase" TestDataCategorization="Value-Test Case Fixed"/>
          <Description>Expected test case fixed content is missing. The value at QPD[1].8[1].1[1].1[1](Street or Mailing Address) does not match the expected value: '105 Laurel Run Rd'.</Description>
          <Assertion>
            <PlainText IgnoreCase="false" Path="3[1].8[1].1[1].1[1]" Text="105 Laurel Run Rd"/>
          </Assertion>
        </Constraint>
        <Constraint ID="TCA-40" Target="3[1].8[1].4[1]">
          <Reference GeneratedBy="Test Case Authoring &amp; Management Tool(TCAMT)" ReferencePath="QPD[1].8[1].4[1]" Source="TestCase" TestDataCategorization="Value-Test Case Fixed"/>
          <Description>Expected content is missing. The empty value at QPD[1].8[1].4[1](State or Province) is expected to be present.</Description>
          <Assertion>
            <Presence Path="3[1].8[1].4[1]"/>
          </Assertion>
        </Constraint>
        <Constraint ID="TCA-40" Target="3[1].8[1].4[1]">
          <Reference GeneratedBy="Test Case Authoring &amp; Management Tool(TCAMT)" ReferencePath="QPD[1].8[1].4[1]" Source="TestCase" TestDataCategorization="Value-Test Case Fixed"/>
          <Description>Expected test case fixed content is missing. The value at QPD[1].8[1].4[1](State or Province) does not match the expected value: 'MT'.</Description>
          <Assertion>
            <PlainText IgnoreCase="false" Path="3[1].8[1].4[1]" Text="MT"/>
          </Assertion>
        </Constraint>
        <Constraint ID="TCA-41" Target="3[1].7[1]">
          <Reference GeneratedBy="Test Case Authoring &amp; Management Tool(TCAMT)" ReferencePath="QPD[1].7[1]" Source="TestCase" TestDataCategorization="Value-Test Case Fixed"/>
          <Description>Expected content is missing. The empty value at QPD[1].7[1](Patient Sex) is expected to be present.</Description>
          <Assertion>
            <Presence Path="3[1].7[1]"/>
          </Assertion>
        </Constraint>
        <Constraint ID="TCA-41" Target="3[1].7[1]">
          <Reference GeneratedBy="Test Case Authoring &amp; Management Tool(TCAMT)" ReferencePath="QPD[1].7[1]" Source="TestCase" TestDataCategorization="Value-Test Case Fixed"/>
          <Description>Expected test case fixed content is missing. The value at QPD[1].7[1](Patient Sex) does not match the expected value: 'M'.</Description>
          <Assertion>
            <PlainText IgnoreCase="false" Path="3[1].7[1]" Text="M"/>
          </Assertion>
        </Constraint>
        <Constraint ID="TCA-42" Target="1[1].5[1].1[1]">
          <Reference GeneratedBy="Test Case Authoring &amp; Management Tool(TCAMT)" ReferencePath="MSH[1].5[1].1[1]" Source="TestCase" TestDataCategorization="Presence-Configuration"/>
          <Description>Expected content is missing. The empty value at MSH[1].5[1].1[1](Namespace ID) is expected to be present.</Description>
          <Assertion>
            <Presence Path="1[1].5[1].1[1]"/>
          </Assertion>
        </Constraint>
        <Constraint ID="TCA-43" Target="1[1].22[1].1[1]">
          <Reference GeneratedBy="Test Case Authoring &amp; Management Tool(TCAMT)" ReferencePath="MSH[1].22[1].1[1]" Source="TestCase" TestDataCategorization="Presence-Configuration"/>
          <Description>Expected content is missing. The empty value at MSH[1].22[1].1[1](Organization Name) is expected to be present.</Description>
          <Assertion>
            <Presence Path="1[1].22[1].1[1]"/>
          </Assertion>
        </Constraint>
        <Constraint ID="TCA-44" Target="1[1].4[1].1[1]">
          <Reference GeneratedBy="Test Case Authoring &amp; Management Tool(TCAMT)" ReferencePath="MSH[1].4[1].1[1]" Source="TestCase" TestDataCategorization="Presence-Configuration"/>
          <Description>Expected content is missing. The empty value at MSH[1].4[1].1[1](Namespace ID) is expected to be present.</Description>
          <Assertion>
            <Presence Path="1[1].4[1].1[1]"/>
          </Assertion>
        </Constraint>
        <Constraint ID="TCA-47" Target="3[1].8[1].7[1]">
          <Reference GeneratedBy="Test Case Authoring &amp; Management Tool(TCAMT)" ReferencePath="QPD[1].8[1].7[1]" Source="TestCase" TestDataCategorization="Presence-Content Indifferent"/>
          <Description>Expected content is missing. The empty value at QPD[1].8[1].7[1](Address Type) is expected to be present.</Description>
          <Assertion>
            <Presence Path="3[1].8[1].7[1]"/>
          </Assertion>
        </Constraint>
        <Constraint ID="TCA-49" Target="3[1].4[1].2[1]">
          <Reference GeneratedBy="Test Case Authoring &amp; Management Tool(TCAMT)" ReferencePath="QPD[1].4[1].2[1]" Source="TestCase" TestDataCategorization="Value-Test Case Fixed"/>
          <Description>Expected content is missing. The empty value at QPD[1].4[1].2[1](Given Name) is expected to be present.</Description>
          <Assertion>
            <Presence Path="3[1].4[1].2[1]"/>
          </Assertion>
        </Constraint>
        <Constraint ID="TCA-49" Target="3[1].4[1].2[1]">
          <Reference GeneratedBy="Test Case Authoring &amp; Management Tool(TCAMT)" ReferencePath="QPD[1].4[1].2[1]" Source="TestCase" TestDataCategorization="Value-Test Case Fixed"/>
          <Description>Expected test case fixed content is missing. The value at QPD[1].4[1].2[1](Given Name) does not match the expected value: 'Bobbie'.</Description>
          <Assertion>
            <PlainText IgnoreCase="false" Path="3[1].4[1].2[1]" Text="Bobbie"/>
          </Assertion>
        </Constraint>
      </ByName>
    </Group>
  </Constraints>
</ConformanceContext>
