{
"version" : "1.8.2",
"profile" : "MessageContent",
"tables":
[
		{
			"title":"MSH : Message Header",
			"elements" : 
			[
				{"location" : "MSH.1", "dataelement" : "Field Separator", "data" : "|", "categorization"
: "Value-Profile Fixed"},
				{"location" : "MSH.2", "dataelement" : "Encoding Characters", "data" : "^~\&amp;",
"categorization" : "Value-Profile Fixed"},
				{"location" : "MSH.3", "dataelement" : "Sending Application", "data" : "", "categorization"
: ""},
							{"location" : "MSH.3.1", "dataelement" : "Namespace ID", "data" : "NIST EHR
APP", "categorization" : "Presence-Configuration"},
							{"location" : "MSH.3.2", "dataelement" : "Universal ID", "data" : "", "categorization"
: "Indifferent"},
							{"location" : "MSH.3.3", "dataelement" : "Universal ID Type", "data" : "",
"categorization" : "Indifferent"},
				{"location" : "MSH.4", "dataelement" : "Sending Facility", "data" : "", "categorization"
: ""},
							{"location" : "MSH.4.1", "dataelement" : "Namespace ID", "data" : "NIST EHR
Facility", "categorization" : "Presence-Configuration"},
							{"location" : "MSH.4.2", "dataelement" : "Universal ID", "data" : "", "categorization"
: "Indifferent"},
							{"location" : "MSH.4.3", "dataelement" : "Universal ID Type", "data" : "",
"categorization" : "Indifferent"},
				{"location" : "MSH.5", "dataelement" : "Receiving Application", "data" : "", "categorization"
: ""},
							{"location" : "MSH.5.1", "dataelement" : "Namespace ID", "data" : "NIST IIS
APP", "categorization" : "Presence-Configuration"},
							{"location" : "MSH.5.2", "dataelement" : "Universal ID", "data" : "", "categorization"
: "Indifferent"},
							{"location" : "MSH.5.3", "dataelement" : "Universal ID Type", "data" : "",
"categorization" : "Indifferent"},
				{"location" : "MSH.6", "dataelement" : "Receiving Facility", "data" : "", "categorization"
: ""},
							{"location" : "MSH.6.1", "dataelement" : "Namespace ID", "data" : "NIST IIS
FAC", "categorization" : "Presence-Configuration"},
							{"location" : "MSH.6.2", "dataelement" : "Universal ID", "data" : "", "categorization"
: "Indifferent"},
							{"location" : "MSH.6.3", "dataelement" : "Universal ID Type", "data" : "",
"categorization" : "Indifferent"},
				{"location" : "MSH.7", "dataelement" : "Date/Time Of Message", "data" : "", "categorization"
: ""},
							{"location" : "MSH.7.1", "dataelement" : "Time", "data" : "20141031145233-0500",
"categorization" : "Presence-System Generated"},
				{"location" : "MSH.9", "dataelement" : "Message Type", "data" : "", "categorization"
: ""},
							{"location" : "MSH.9.1", "dataelement" : "Message Code", "data" : "QBP", "categorization"
: "Value-Profile Fixed"},
							{"location" : "MSH.9.2", "dataelement" : "Trigger Event", "data" : "Q11", "categorization"
: "Value-Profile Fixed"},
							{"location" : "MSH.9.3", "dataelement" : "Message Structure", "data" : "QBP_Q11",
"categorization" : "Value-Profile Fixed"},
				{"location" : "MSH.10", "dataelement" : "Message Control ID", "data" : "NIST-IZ-QR-1.1_Query_Q11_Z44",
"categorization" : "Presence-System Generated"},
				{"location" : "MSH.11", "dataelement" : "Processing ID", "data" : "", "categorization"
: ""},
							{"location" : "MSH.11.1", "dataelement" : "Processing ID", "data" : "P", "categorization"
: "Presence-Content Indifferent"},
				{"location" : "MSH.12", "dataelement" : "Version ID", "data" : "", "categorization"
: ""},
							{"location" : "MSH.12.1", "dataelement" : "Version ID", "data" : "2.5.1", "categorization"
: "Value-Profile Fixed"},
				{"location" : "MSH.15", "dataelement" : "Accept Acknowledgment Type", "data" :
"ER", "categorization" : "Value-Profile Fixed"},
				{"location" : "MSH.16", "dataelement" : "Application Acknowledgment Type", "data"
: "AL", "categorization" : "Value-Profile Fixed"},
				{"location" : "MSH.21", "dataelement" : "Message Profile Identifier", "data" :
"", "categorization" : ""},
							{"location" : "MSH.21.1", "dataelement" : "Entity Identifier", "data" : "Z44",
"categorization" : "Value-Test Case Fixed"},
							{"location" : "MSH.21.2", "dataelement" : "Namespace ID", "data" : "CDCPHINVS",
"categorization" : "Value-Profile Fixed"},
							{"location" : "MSH.21.3", "dataelement" : "Universal ID", "data" : "", "categorization"
: "Indifferent"},
							{"location" : "MSH.21.4", "dataelement" : "Universal ID Type", "data" : "",
"categorization" : "Indifferent"},
				{"location" : "MSH.22", "dataelement" : "Sending Responsible Organization", "data"
: "", "categorization" : ""},
							{"location" : "MSH.22.1", "dataelement" : "Organization Name", "data" : "NIST
EHR Facility", "categorization" : "Presence-Configuration"},
							{"location" : "MSH.22.6", "dataelement" : "Assigning Authority", "data" : "",
"categorization" : ""},
									{"location" : "MSH.22.6.1", "dataelement" : "Namespace ID", "data" : "NIST-AA-1",
"categorization" : "Indifferent"},
									{"location" : "MSH.22.6.2", "dataelement" : "Universal ID", "data" : "",
"categorization" : "Indifferent"},
									{"location" : "MSH.22.6.3", "dataelement" : "Universal ID Type", "data" :
"", "categorization" : "Indifferent"},
							{"location" : "MSH.22.7", "dataelement" : "Identifier Type Code", "data" :
"XX", "categorization" : "Indifferent"},
							{"location" : "MSH.22.10", "dataelement" : "Organization Identifier", "data"
: "100-6482", "categorization" : "Indifferent"},
				{"location" : "MSH.23", "dataelement" : "Receiving Responsible Organization",
"data" : "", "categorization" : ""},
							{"location" : "MSH.23.1", "dataelement" : "Organization Name", "data" : "NIST
IIS FAC", "categorization" : "Presence-Configuration"},
							{"location" : "MSH.23.6", "dataelement" : "Assigning Authority", "data" : "",
"categorization" : ""},
									{"location" : "MSH.23.6.1", "dataelement" : "Namespace ID", "data" : "NIST-AA-1",
"categorization" : "Indifferent"},
									{"location" : "MSH.23.6.2", "dataelement" : "Universal ID", "data" : "",
"categorization" : "Indifferent"},
									{"location" : "MSH.23.6.3", "dataelement" : "Universal ID Type", "data" :
"", "categorization" : "Indifferent"},
							{"location" : "MSH.23.7", "dataelement" : "Identifier Type Code", "data" :
"XX", "categorization" : "Indifferent"},
							{"location" : "MSH.23.10", "dataelement" : "Organization Identifier", "data"
: "100-1776", "categorization" : "Indifferent"},		]
		{
			"title":"QPD : Query Parameter Definition",
			"elements" : 
			[
				{"location" : "QPD.1", "dataelement" : "Message Query Name", "data" : "", "categorization"
: ""},
							{"location" : "QPD.1.1", "dataelement" : "Identifier", "data" : "Z44", "categorization"
: "Value-Test Case Fixed"},
							{"location" : "QPD.1.2", "dataelement" : "Text", "data" : "Request Evaluated
History and Forecast", "categorization" : "Value-Test Case Fixed"},
							{"location" : "QPD.1.3", "dataelement" : "Name of Coding System", "data" :
"CDCPHINVS", "categorization" : "Value-Profile Fixed"},
							{"location" : "QPD.1.5", "dataelement" : "Alternate Text", "data" : "", "categorization"
: ""},
							{"location" : "QPD.1.6", "dataelement" : "Name of Alternate Coding System",
"data" : "", "categorization" : ""},
				{"location" : "QPD.2", "dataelement" : "Query Tag", "data" : "IZ-1.1-2015", "categorization"
: "Presence-System Generated"},
				{"location" : "QPD.3", "dataelement" : "PatientList", "data" : "", "categorization"
: ""},
							{"location" : "QPD.3.1", "dataelement" : "ID Number", "data" : "171122", "categorization"
: "Value-Test Case Fixed"},
							{"location" : "QPD.3.3", "dataelement" : "Check Digit Scheme", "data" : "",
"categorization" : ""},
							{"location" : "QPD.3.4", "dataelement" : "Assigning Authority", "data" : "",
"categorization" : ""},
									{"location" : "QPD.3.4.1", "dataelement" : "Namespace ID", "data" : "NIST
MPI", "categorization" : "Value-Test Case Fixed"},
									{"location" : "QPD.3.4.2", "dataelement" : "Universal ID", "data" : "", "categorization"
: "Indifferent"},
									{"location" : "QPD.3.4.3", "dataelement" : "Universal ID Type", "data" :
"", "categorization" : "Indifferent"},
							{"location" : "QPD.3.5", "dataelement" : "Identifier Type Code", "data" : "MR",
"categorization" : "Value-Test Case Fixed"},
				{"location" : "QPD.4", "dataelement" : "PatientName", "data" : "", "categorization"
: ""},
							{"location" : "QPD.4.1", "dataelement" : "Family Name", "data" : "", "categorization"
: ""},
									{"location" : "QPD.4.1.1", "dataelement" : "Surname", "data" : "Child", "categorization"
: "Value-Test Case Fixed"},
									{"location" : "QPD.4.1.2", "dataelement" : "Own Surname Prefix", "data" :
"", "categorization" : ""},
									{"location" : "QPD.4.1.3", "dataelement" : "Own Surname", "data" : "", "categorization"
: ""},
									{"location" : "QPD.4.1.4", "dataelement" : "Surname Prefix From Partner/Spouse",
"data" : "", "categorization" : ""},
									{"location" : "QPD.4.1.5", "dataelement" : "Surname From Partner/Spouse",
"data" : "", "categorization" : ""},
							{"location" : "QPD.4.2", "dataelement" : "Given Name", "data" : "Bobbie", "categorization"
: "Value-Test Case Fixed"},
							{"location" : "QPD.4.3", "dataelement" : "Second and Further Given Names or
Initials Thereof", "data" : "Q", "categorization" : "Value-Test Case Fixed"},
							{"location" : "QPD.4.7", "dataelement" : "Name Type Code", "data" : "L", "categorization"
: "Value-Test Case Fixed"},
				{"location" : "QPD.5", "dataelement" : "PatientMotherMaidenName", "data" : "",
"categorization" : ""},
							{"location" : "QPD.5.1", "dataelement" : "Family Name", "data" : "", "categorization"
: ""},
									{"location" : "QPD.5.1.1", "dataelement" : "Surname", "data" : "Que", "categorization"
: "Value-Test Case Fixed"},
									{"location" : "QPD.5.1.2", "dataelement" : "Own Surname Prefix", "data" :
"", "categorization" : ""},
									{"location" : "QPD.5.1.3", "dataelement" : "Own Surname", "data" : "", "categorization"
: ""},
									{"location" : "QPD.5.1.4", "dataelement" : "Surname Prefix From Partner/Spouse",
"data" : "", "categorization" : ""},
									{"location" : "QPD.5.1.5", "dataelement" : "Surname From Partner/Spouse",
"data" : "", "categorization" : ""},
							{"location" : "QPD.5.7", "dataelement" : "Name Type Code", "data" : "M", "categorization"
: "Value-Profile Fixed"},
				{"location" : "QPD.6", "dataelement" : "PatientDateOfBirth", "data" : "", "categorization"
: ""},
							{"location" : "QPD.6.1", "dataelement" : "Time", "data" : "20090214", "categorization"
: "Value-Test Case Fixed"},
				{"location" : "QPD.7", "dataelement" : "Patient Sex", "data" : "M", "categorization"
: "Value-Test Case Fixed"},
				{"location" : "QPD.8", "dataelement" : "Patient Address", "data" : "", "categorization"
: ""},
							{"location" : "QPD.8.1", "dataelement" : "Street Address", "data" : "", "categorization"
: ""},
									{"location" : "QPD.8.1.1", "dataelement" : "Street or Mailing Address", "data"
: "105 Laurel Run Rd", "categorization" : "Value-Test Case Fixed"},
									{"location" : "QPD.8.1.2", "dataelement" : "Street Name", "data" : "", "categorization"
: ""},
									{"location" : "QPD.8.1.3", "dataelement" : "Dwelling Number", "data" : "",
"categorization" : ""},
							{"location" : "QPD.8.2", "dataelement" : "Other Designation", "data" : "",
"categorization" : "Indifferent"},
							{"location" : "QPD.8.3", "dataelement" : "City", "data" : "Bozeman", "categorization"
: "Value-Test Case Fixed"},
							{"location" : "QPD.8.4", "dataelement" : "State or Province", "data" : "MT",
"categorization" : "Value-Test Case Fixed"},
							{"location" : "QPD.8.5", "dataelement" : "Zip or Postal Code", "data" : "",
"categorization" : "Value-Test Case Fixed"},
							{"location" : "QPD.8.6", "dataelement" : "Country", "data" : "", "categorization"
: "Value-Test Case Fixed"},
							{"location" : "QPD.8.7", "dataelement" : "Address Type", "data" : "L", "categorization"
: "Presence-Content Indifferent"},
				{"location" : "QPD.9", "dataelement" : "Phone", "data" : "", "categorization"
: ""},
							{"location" : "QPD.9.2", "dataelement" : "Telecommunication Use Code", "data"
: "", "categorization" : "Value-Test Case Fixed"},
							{"location" : "QPD.9.3", "dataelement" : "Telecommunication Equipment Type",
"data" : "", "categorization" : "Value-Test Case Fixed"},
							{"location" : "QPD.9.4", "dataelement" : "Email Address", "data" : "", "categorization"
: ""},
							{"location" : "QPD.9.6", "dataelement" : "Area/City Code", "data" : "", "categorization"
: "Value-Test Case Fixed"},
							{"location" : "QPD.9.7", "dataelement" : "Local Number", "data" : "", "categorization"
: "Value-Test Case Fixed"},
				{"location" : "QPD.10", "dataelement" : "Multiple birth indicator", "data" : "",
"categorization" : "Value-Test Case Fixed"},
				{"location" : "QPD.11", "dataelement" : "Birth order", "data" : "", "categorization"
: "Value-Test Case Fixed"},		]
		{
			"title":"RCP : Response Control Parameter",
			"elements" : 
			[
				{"location" : "RCP.1", "dataelement" : "Query Priority", "data" : "I", "categorization"
: "Value-Profile Fixed"},
				{"location" : "RCP.2", "dataelement" : "Quantity Limited Request", "data" : "",
"categorization" : ""},
							{"location" : "RCP.2.1", "dataelement" : "Quantity", "data" : "1", "categorization"
: "Value-Test Case Fixed"},
							{"location" : "RCP.2.2", "dataelement" : "Units", "data" : "", "categorization"
: ""},
									{"location" : "RCP.2.2.1", "dataelement" : "Identifier", "data" : "RD", "categorization"
: "Value-Profile Fixed"},
									{"location" : "RCP.2.2.2", "dataelement" : "Text", "data" : "Records", "categorization"
: "Value-Profile Fixed"},
									{"location" : "RCP.2.2.3", "dataelement" : "Name of Coding System", "data"
: "HL70126", "categorization" : "Value-Profile Fixed"},
									{"location" : "RCP.2.2.4", "dataelement" : "Alternate Identifier", "data"
: "", "categorization" : ""},
									{"location" : "RCP.2.2.5", "dataelement" : "Alternate Text", "data" : "",
"categorization" : ""},
									{"location" : "RCP.2.2.6", "dataelement" : "Name of Alternate Coding System",
"data" : "", "categorization" : ""},		]

		}
]
}