{
"version" : "2.9.7",
"profile" : "QBP_Q11",
"tables":
[
		{
			"title":"Patient Information",
			"elements" : 
			[
				{"element" : "Patient Name", "data" : "Bobbie Q Child"},
				{"element" : "Mother's Maiden Name", "data" : "Que"},
				{"element" : "ID Number", "data" : "171122 "},
				{"element" : "Date/Time of Birth", "data" : "02/14/2009"},
				{"element" : "Sex", "data" : "Male"},
				{"element" : "Patient Address", "data" : "105 Laurel Run Rd Bozeman MT "},
				{"element" : "Patient Phone", "data" : ""},
				{"element" : "Birth Indicator", "data" : ""},
				{"element" : "Birth Order", "data" : ""}
			]

		}
]
}