{
"version" : "1.8.2",
"profile" : "MessageContent",
"tables":
[
		{
			"title":"MSH : Message Header",
			"elements" : 
			[
				{"location" : "MSH.1", "dataelement" : "Field Separator", "data" : "|", "categorization"
: "Value-Profile Fixed"},
				{"location" : "MSH.2", "dataelement" : "Encoding Characters", "data" : "^~\&amp;",
"categorization" : "Value-Profile Fixed"},
				{"location" : "MSH.3", "dataelement" : "Sending Application", "data" : "", "categorization"
: ""},
							{"location" : "MSH.3.1", "dataelement" : "Namespace ID", "data" : "NIST IIS
APP", "categorization" : "Presence-Content Indifferent"},
							{"location" : "MSH.3.2", "dataelement" : "Universal ID", "data" : "2.16.840.1.113883.3.72.5.40.1",
"categorization" : "Indifferent"},
							{"location" : "MSH.3.3", "dataelement" : "Universal ID Type", "data" : "ISO",
"categorization" : "Indifferent"},
				{"location" : "MSH.4", "dataelement" : "Sending Facility", "data" : "", "categorization"
: ""},
							{"location" : "MSH.4.1", "dataelement" : "Namespace ID", "data" : "NIST IIS
FAC", "categorization" : "Presence-Content Indifferent"},
							{"location" : "MSH.4.2", "dataelement" : "Universal ID", "data" : "2.16.840.1.113883.3.72.5.40.2",
"categorization" : "Indifferent"},
							{"location" : "MSH.4.3", "dataelement" : "Universal ID Type", "data" : "ISO",
"categorization" : "Indifferent"},
				{"location" : "MSH.5", "dataelement" : "Receiving Application", "data" : "", "categorization"
: ""},
							{"location" : "MSH.5.1", "dataelement" : "Namespace ID", "data" : "NIST EHR
APP", "categorization" : "Presence-Content Indifferent"},
							{"location" : "MSH.5.2", "dataelement" : "Universal ID", "data" : "2.16.840.1.113883.3.72.5.22",
"categorization" : "Indifferent"},
							{"location" : "MSH.5.3", "dataelement" : "Universal ID Type", "data" : "ISO",
"categorization" : "Indifferent"},
				{"location" : "MSH.6", "dataelement" : "Receiving Facility", "data" : "", "categorization"
: ""},
							{"location" : "MSH.6.1", "dataelement" : "Namespace ID", "data" : "NIST EHR
Facility", "categorization" : "Presence-Content Indifferent"},
							{"location" : "MSH.6.2", "dataelement" : "Universal ID", "data" : "2.16.840.1.113883.3.72.5.23",
"categorization" : "Indifferent"},
							{"location" : "MSH.6.3", "dataelement" : "Universal ID Type", "data" : "ISO",
"categorization" : "Indifferent"},
				{"location" : "MSH.7", "dataelement" : "Date/Time Of Message", "data" : "", "categorization"
: ""},
							{"location" : "MSH.7.1", "dataelement" : "Time", "data" : "20150625103328.758-0500",
"categorization" : "Presence-System Generated"},
				{"location" : "MSH.9", "dataelement" : "Message Type", "data" : "", "categorization"
: ""},
							{"location" : "MSH.9.1", "dataelement" : "Message Code", "data" : "ACK", "categorization"
: "Value-Profile Fixed"},
							{"location" : "MSH.9.2", "dataelement" : "Trigger Event", "data" : "V04", "categorization"
: "Value-Profile Fixed"},
							{"location" : "MSH.9.3", "dataelement" : "Message Structure", "data" : "ACK",
"categorization" : "Value-Profile Fixed"},
				{"location" : "MSH.10", "dataelement" : "Message Control ID", "data" : "23842",
"categorization" : "Presence-System Generated"},
				{"location" : "MSH.11", "dataelement" : "Processing ID", "data" : "", "categorization"
: ""},
							{"location" : "MSH.11.1", "dataelement" : "Processing ID", "data" : "P", "categorization"
: "Presence-Content Indifferent"},
				{"location" : "MSH.12", "dataelement" : "Version ID", "data" : "", "categorization"
: ""},
							{"location" : "MSH.12.1", "dataelement" : "Version ID", "data" : "2.5.1", "categorization"
: "Value-Profile Fixed"},
				{"location" : "MSH.15", "dataelement" : "Accept Acknowledgment Type", "data" :
"NE", "categorization" : "Value-Profile Fixed"},
				{"location" : "MSH.16", "dataelement" : "Application Acknowledgment Type", "data"
: "NE", "categorization" : "Value-Profile Fixed"},
				{"location" : "MSH.21", "dataelement" : "Message Profile Identifier", "data" :
"", "categorization" : ""},
							{"location" : "MSH.21.1", "dataelement" : "Entity Identifier", "data" : "Z23",
"categorization" : "Value-Test Case Fixed"},
							{"location" : "MSH.21.2", "dataelement" : "Namespace ID", "data" : "CDCPHINVS",
"categorization" : "Value-Test Case Fixed"},
							{"location" : "MSH.21.3", "dataelement" : "Universal ID", "data" : "", "categorization"
: "Indifferent"},
							{"location" : "MSH.21.4", "dataelement" : "Universal ID Type", "data" : "",
"categorization" : "Indifferent"},
				{"location" : "MSH.22", "dataelement" : "Sending Responsible Organization", "data"
: "", "categorization" : ""},
							{"location" : "MSH.22.1", "dataelement" : "Organization Name", "data" : "NIST
IIS FAC", "categorization" : "Presence-Content Indifferent"},
							{"location" : "MSH.22.6", "dataelement" : "Assigning Authority", "data" : "",
"categorization" : ""},
									{"location" : "MSH.22.6.1", "dataelement" : "Namespace ID", "data" : "NIST-AA-1",
"categorization" : "Indifferent"},
									{"location" : "MSH.22.6.2", "dataelement" : "Universal ID", "data" : "",
"categorization" : "Indifferent"},
									{"location" : "MSH.22.6.3", "dataelement" : "Universal ID Type", "data" :
"", "categorization" : "Indifferent"},
							{"location" : "MSH.22.7", "dataelement" : "Identifier Type Code", "data" :
"XX", "categorization" : "Indifferent"},
							{"location" : "MSH.22.10", "dataelement" : "Organization Identifier", "data"
: "100-1776", "categorization" : "Indifferent"},
				{"location" : "MSH.23", "dataelement" : "Receiving Responsible Organization",
"data" : "", "categorization" : ""},
							{"location" : "MSH.23.1", "dataelement" : "Organization Name", "data" : "NIST
EHR Facility", "categorization" : "Presence-Content Indifferent"},
							{"location" : "MSH.23.6", "dataelement" : "Assigning Authority", "data" : "",
"categorization" : ""},
									{"location" : "MSH.23.6.1", "dataelement" : "Namespace ID", "data" : "NIST-AA-1",
"categorization" : "Indifferent"},
									{"location" : "MSH.23.6.2", "dataelement" : "Universal ID", "data" : "",
"categorization" : "Indifferent"},
									{"location" : "MSH.23.6.3", "dataelement" : "Universal ID Type", "data" :
"", "categorization" : "Indifferent"},
							{"location" : "MSH.23.7", "dataelement" : "Identifier Type Code", "data" :
"XX", "categorization" : "Indifferent"},
							{"location" : "MSH.23.10", "dataelement" : "Organization Identifier", "data"
: "100-6482", "categorization" : "Indifferent"},		]
		{
			"title":"MSA : Message Acknowledgment",
			"elements" : 
			[
				{"location" : "MSA.1", "dataelement" : "Acknowledgment Code", "data" : "AE", "categorization"
: "Value-Test Case Fixed"},
				{"location" : "MSA.2", "dataelement" : "Message Control ID", "data" : "NIST-IZ-AD-8.1_Send_V04_Z22",
"categorization" : "Presence-System Generated"},		]
		{
			"title":"ERR : Error",
			"elements" : 
			[
				{"location" : "ERR.2", "dataelement" : "Error Location", "data" : "", "categorization"
: ""},
							{"location" : "ERR.2.1", "dataelement" : "Segment ID", "data" : "RXR", "categorization"
: "Value-Test Case Fixed"},
							{"location" : "ERR.2.2", "dataelement" : "Segment Sequence", "data" : "2",
"categorization" : "Value-Test Case Fixed"},
							{"location" : "ERR.2.3", "dataelement" : "Field Position", "data" : "1", "categorization"
: "Value-Test Case Fixed"},
							{"location" : "ERR.2.4", "dataelement" : "Field Repetition", "data" : "1",
"categorization" : "Value-Test Case Fixed"},
							{"location" : "ERR.2.5", "dataelement" : "Component Number", "data" : "1",
"categorization" : "Value-Test Case Fixed"},
							{"location" : "ERR.2.6", "dataelement" : "Sub-Component Number", "data" : "",
"categorization" : "Indifferent"},
				{"location" : "ERR.3", "dataelement" : "HL7 Error Code", "data" : "", "categorization"
: ""},
							{"location" : "ERR.3.1", "dataelement" : "Identifier", "data" : "999", "categorization"
: "Value-Test Case Fixed"},
							{"location" : "ERR.3.2", "dataelement" : "Text", "data" : "Application error",
"categorization" : "Presence-Content Indifferent"},
							{"location" : "ERR.3.3", "dataelement" : "Name of Coding System", "data" :
"HL70357", "categorization" : "Value-Profile Fixed"},
							{"location" : "ERR.3.5", "dataelement" : "Alternate Text", "data" : "", "categorization"
: "Indifferent"},
							{"location" : "ERR.3.6", "dataelement" : "Name of Alternate Coding System",
"data" : "", "categorization" : "Indifferent"},
				{"location" : "ERR.4", "dataelement" : "Severity", "data" : "W", "categorization"
: "Value-Test Case Fixed"},
				{"location" : "ERR.5", "dataelement" : "Application Error Code", "data" : "",
"categorization" : ""},
							{"location" : "ERR.5.1", "dataelement" : "Identifier", "data" : "5", "categorization"
: "Value-Test Case Fixed"},
							{"location" : "ERR.5.2", "dataelement" : "Text", "data" : "Table value not
found", "categorization" : "Presence-Content Indifferent"},
							{"location" : "ERR.5.3", "dataelement" : "Name of Coding System", "data" :
"HL70533", "categorization" : "Value-Profile Fixed"},
							{"location" : "ERR.5.5", "dataelement" : "Alternate Text", "data" : "", "categorization"
: "Indifferent"},
							{"location" : "ERR.5.6", "dataelement" : "Name of Alternate Coding System",
"data" : "", "categorization" : "Indifferent"},
				{"location" : "ERR.8", "dataelement" : "User Message", "data" : "Administration
Site not recognized - site data will not be saved", "categorization" : "Presence-Content
Indifferent"},		]

		}
]
}