{
  "teststorydesc" : "A mapping error in the IIS software results in the IIS being unable to recognize the administration site sent in RXR-2 even though it is valid. The acknowledgement message returned contains a warning for an invalid value.",
  "comments" : "No Comments",
  "preCondition" : "A VXU message is generated by the EHR.",
  "postCondition" : "No PostCondition",
  "testObjectives" : "<br>",
  "evaluationCriteria" : "The warning returned in the acknowledgement message is visible in the system responsible for the content of the administration message.",
  "notes" : "No Note"
}