{
"version" : "2.9.7",
"profile" : "QBP_Q11",
"tables":
[
		{
			"title":"Patient Information",
			"elements" : 
			[
				{"element" : "Patient Name", "data" : "Donna Victoria Bee"},
				{"element" : "Mother's Maiden Name", "data" : "Goluchio"},
				{"element" : "ID Number", "data" : "177993 "},
				{"element" : "Date/Time of Birth", "data" : "05/07/2012"},
				{"element" : "Sex", "data" : "Female"},
				{"element" : "Patient Address", "data" : "737 Everygreen Road Livingston MT 59047
USA "},
				{"element" : "Patient Phone", "data" : "(406)555-3758"},
				{"element" : "Birth Indicator", "data" : "Y"},
				{"element" : "Birth Order", "data" : "3"}
			]

		}
]
}