<?xml version="1.0" encoding="UTF-8"?>

<ConformanceContext UUID="e1e1cab0-9458-4444-80b0-2b179b2ae34c">
  <Constraints>
    <Group>
      <ByName Name="ACK">
        <Constraint ID="TCA-1" Target="4[1].3[1].2[1]">
          <Reference GeneratedBy="Test Case Authoring &amp; Management Tool(TCAMT)" ReferencePath="ERR[1].3[1].2[1]" Source="DataInstanceTestCase" TestDataCategorization="Presence-Content Indifferent"/>
          <Description>Expected content is missing. The empty value at ERR[1].3[1].2[1](Text) is expected to be present.</Description>
          <Assertion>
            <Presence Path="4[1].3[1].2[1]"/>
          </Assertion>
        </Constraint>
        <Constraint ID="TCA-2" Target="1[1].21[1].1[1]">
          <Reference GeneratedBy="Test Case Authoring &amp; Management Tool(TCAMT)" ReferencePath="MSH[1].21[1].1[1]" Source="DataInstanceTestCase" TestDataCategorization="Value-Test Case Fixed"/>
          <Description>Expected test case fixed content is missing. The value at MSH[1].21[1].1[1](Entity Identifier) does not match the expected value: 'Z23'.</Description>
          <Assertion>
            <PlainText IgnoreCase="false" Path="1[1].21[1].1[1]" Text="Z23"/>
          </Assertion>
        </Constraint>
        <Constraint ID="TCA-4" Target="1[1].6[1].1[1]">
          <Reference GeneratedBy="Test Case Authoring &amp; Management Tool(TCAMT)" ReferencePath="MSH[1].6[1].1[1]" Source="DataInstanceTestCase" TestDataCategorization="Presence-Content Indifferent"/>
          <Description>Expected content is missing. The empty value at MSH[1].6[1].1[1](Namespace ID) is expected to be present.</Description>
          <Assertion>
            <Presence Path="1[1].6[1].1[1]"/>
          </Assertion>
        </Constraint>
        <Constraint ID="TCA-5" Target="1[1].3[1].1[1]">
          <Reference GeneratedBy="Test Case Authoring &amp; Management Tool(TCAMT)" ReferencePath="MSH[1].3[1].1[1]" Source="DataInstanceTestCase" TestDataCategorization="Presence-Content Indifferent"/>
          <Description>Expected content is missing. The empty value at MSH[1].3[1].1[1](Namespace ID) is expected to be present.</Description>
          <Assertion>
            <Presence Path="1[1].3[1].1[1]"/>
          </Assertion>
        </Constraint>
        <Constraint ID="TCA-6" Target="1[1].4[1].1[1]">
          <Reference GeneratedBy="Test Case Authoring &amp; Management Tool(TCAMT)" ReferencePath="MSH[1].4[1].1[1]" Source="DataInstanceTestCase" TestDataCategorization="Presence-Content Indifferent"/>
          <Description>Expected content is missing. The empty value at MSH[1].4[1].1[1](Namespace ID) is expected to be present.</Description>
          <Assertion>
            <Presence Path="1[1].4[1].1[1]"/>
          </Assertion>
        </Constraint>
        <Constraint ID="TCA-7" Target="4[1].2[1].5[1]">
          <Reference GeneratedBy="Test Case Authoring &amp; Management Tool(TCAMT)" ReferencePath="ERR[1].2[1].5[1]" Source="DataInstanceTestCase" TestDataCategorization="Value-Test Case Fixed List"/>
          <Description>Expected content is missing. The empty value at ERR[1].2[1].5[1](Component Number) is expected to be present.</Description>
          <Assertion>
            <Presence Path="4[1].2[1].5[1]"/>
          </Assertion>
        </Constraint>
        <Constraint ID="TCA-7" Target="4[1].2[1].5[1]">
          <Reference GeneratedBy="Test Case Authoring &amp; Management Tool(TCAMT)" ReferencePath="ERR[1].2[1].5[1]" Source="DataInstanceTestCase" TestDataCategorization="Value-Test Case Fixed List"/>
          <Description>Expected profile fixed content is missing. The value at ERR[1].2[1].5[1](Component Number) does not match one of the expected values: 1</Description>
          <Assertion>
            <StringList CSV="1" IgnoreCase="false" Path="4[1].2[1].5[1]"/>
          </Assertion>
        </Constraint>
        <Constraint ID="TCA-13" Target="4[1].2[1].1[1]">
          <Reference GeneratedBy="Test Case Authoring &amp; Management Tool(TCAMT)" ReferencePath="ERR[1].2[1].1[1]" Source="DataInstanceTestCase" TestDataCategorization="Value-Test Case Fixed"/>
          <Description>Expected content is missing. The empty value at ERR[1].2[1].1[1](Segment ID) is expected to be present.</Description>
          <Assertion>
            <Presence Path="4[1].2[1].1[1]"/>
          </Assertion>
        </Constraint>
        <Constraint ID="TCA-13" Target="4[1].2[1].1[1]">
          <Reference GeneratedBy="Test Case Authoring &amp; Management Tool(TCAMT)" ReferencePath="ERR[1].2[1].1[1]" Source="DataInstanceTestCase" TestDataCategorization="Value-Test Case Fixed"/>
          <Description>Expected test case fixed content is missing. The value at ERR[1].2[1].1[1](Segment ID) does not match the expected value: 'RXA'.</Description>
          <Assertion>
            <PlainText IgnoreCase="false" Path="4[1].2[1].1[1]" Text="RXA"/>
          </Assertion>
        </Constraint>
        <Constraint ID="TCA-14" Target="3[1].1[1]">
          <Reference GeneratedBy="Test Case Authoring &amp; Management Tool(TCAMT)" ReferencePath="MSA[1].1[1]" Source="DataInstanceTestCase" TestDataCategorization="Value-Test Case Fixed"/>
          <Description>Expected test case fixed content is missing. The value at MSA[1].1[1](Acknowledgment Code) does not match the expected value: 'AE'.</Description>
          <Assertion>
            <PlainText IgnoreCase="false" Path="3[1].1[1]" Text="AE"/>
          </Assertion>
        </Constraint>
        <Constraint ID="TCA-15" Target="4[1].5[1].2[1]">
          <Reference GeneratedBy="Test Case Authoring &amp; Management Tool(TCAMT)" ReferencePath="ERR[1].5[1].2[1]" Source="DataInstanceTestCase" TestDataCategorization="Presence-Content Indifferent"/>
          <Description>Expected content is missing. The empty value at ERR[1].5[1].2[1](Text) is expected to be present.</Description>
          <Assertion>
            <Presence Path="4[1].5[1].2[1]"/>
          </Assertion>
        </Constraint>
        <Constraint ID="TCA-17" Target="4[1].8[1]">
          <Reference GeneratedBy="Test Case Authoring &amp; Management Tool(TCAMT)" ReferencePath="ERR[1].8[1]" Source="DataInstanceTestCase" TestDataCategorization="Presence-Content Indifferent"/>
          <Description>Expected content is missing. The empty value at ERR[1].8[1](User Message) is expected to be present.</Description>
          <Assertion>
            <Presence Path="4[1].8[1]"/>
          </Assertion>
        </Constraint>
        <Constraint ID="TCA-19" Target="4[1].4[1]">
          <Reference GeneratedBy="Test Case Authoring &amp; Management Tool(TCAMT)" ReferencePath="ERR[1].4[1]" Source="DataInstanceTestCase" TestDataCategorization="Value-Test Case Fixed"/>
          <Description>Expected content is missing. The empty value at ERR[1].4[1](Severity) is expected to be present.</Description>
          <Assertion>
            <Presence Path="4[1].4[1]"/>
          </Assertion>
        </Constraint>
        <Constraint ID="TCA-19" Target="4[1].4[1]">
          <Reference GeneratedBy="Test Case Authoring &amp; Management Tool(TCAMT)" ReferencePath="ERR[1].4[1]" Source="DataInstanceTestCase" TestDataCategorization="Value-Test Case Fixed"/>
          <Description>Expected test case fixed content is missing. The value at ERR[1].4[1](Severity) does not match the expected value: 'E'.</Description>
          <Assertion>
            <PlainText IgnoreCase="false" Path="4[1].4[1]" Text="E"/>
          </Assertion>
        </Constraint>
        <Constraint ID="TCA-20" Target="4[1].3[1].3[1]">
          <Reference GeneratedBy="Test Case Authoring &amp; Management Tool(TCAMT)" ReferencePath="ERR[1].3[1].3[1]" Source="DataInstanceTestCase" TestDataCategorization="Value-Profile Fixed"/>
          <Description>Expected content is missing. The empty value at ERR[1].3[1].3[1](Name of Coding System) is expected to be present.</Description>
          <Assertion>
            <Presence Path="4[1].3[1].3[1]"/>
          </Assertion>
        </Constraint>
        <Constraint ID="TCA-22" Target="4[1].2[1].2[1]">
          <Reference GeneratedBy="Test Case Authoring &amp; Management Tool(TCAMT)" ReferencePath="ERR[1].2[1].2[1]" Source="DataInstanceTestCase" TestDataCategorization="Value-Test Case Fixed"/>
          <Description>Expected content is missing. The empty value at ERR[1].2[1].2[1](Segment Sequence) is expected to be present.</Description>
          <Assertion>
            <Presence Path="4[1].2[1].2[1]"/>
          </Assertion>
        </Constraint>
        <Constraint ID="TCA-22" Target="4[1].2[1].2[1]">
          <Reference GeneratedBy="Test Case Authoring &amp; Management Tool(TCAMT)" ReferencePath="ERR[1].2[1].2[1]" Source="DataInstanceTestCase" TestDataCategorization="Value-Test Case Fixed"/>
          <Description>Expected test case fixed content is missing. The value at ERR[1].2[1].2[1](Segment Sequence) does not match the expected value: '1'.</Description>
          <Assertion>
            <PlainText IgnoreCase="false" Path="4[1].2[1].2[1]" Text="1"/>
          </Assertion>
        </Constraint>
        <Constraint ID="TCA-23" Target="1[1].5[1].1[1]">
          <Reference GeneratedBy="Test Case Authoring &amp; Management Tool(TCAMT)" ReferencePath="MSH[1].5[1].1[1]" Source="DataInstanceTestCase" TestDataCategorization="Presence-Content Indifferent"/>
          <Description>Expected content is missing. The empty value at MSH[1].5[1].1[1](Namespace ID) is expected to be present.</Description>
          <Assertion>
            <Presence Path="1[1].5[1].1[1]"/>
          </Assertion>
        </Constraint>
        <Constraint ID="TCA-25" Target="1[1].22[1].1[1]">
          <Reference GeneratedBy="Test Case Authoring &amp; Management Tool(TCAMT)" ReferencePath="MSH[1].22[1].1[1]" Source="DataInstanceTestCase" TestDataCategorization="Presence-Content Indifferent"/>
          <Description>Expected content is missing. The empty value at MSH[1].22[1].1[1](Organization Name) is expected to be present.</Description>
          <Assertion>
            <Presence Path="1[1].22[1].1[1]"/>
          </Assertion>
        </Constraint>
        <Constraint ID="TCA-26" Target="4[1].2[1].3[1]">
          <Reference GeneratedBy="Test Case Authoring &amp; Management Tool(TCAMT)" ReferencePath="ERR[1].2[1].3[1]" Source="DataInstanceTestCase" TestDataCategorization="Value-Test Case Fixed"/>
          <Description>Expected content is missing. The empty value at ERR[1].2[1].3[1](Field Position) is expected to be present.</Description>
          <Assertion>
            <Presence Path="4[1].2[1].3[1]"/>
          </Assertion>
        </Constraint>
        <Constraint ID="TCA-26" Target="4[1].2[1].3[1]">
          <Reference GeneratedBy="Test Case Authoring &amp; Management Tool(TCAMT)" ReferencePath="ERR[1].2[1].3[1]" Source="DataInstanceTestCase" TestDataCategorization="Value-Test Case Fixed"/>
          <Description>Expected test case fixed content is missing. The value at ERR[1].2[1].3[1](Field Position) does not match the expected value: '5'.</Description>
          <Assertion>
            <PlainText IgnoreCase="false" Path="4[1].2[1].3[1]" Text="5"/>
          </Assertion>
        </Constraint>
        <Constraint ID="TCA-27" Target="1[1].21[1].2[1]">
          <Reference GeneratedBy="Test Case Authoring &amp; Management Tool(TCAMT)" ReferencePath="MSH[1].21[1].2[1]" Source="DataInstanceTestCase" TestDataCategorization="Value-Test Case Fixed"/>
          <Description>Expected content is missing. The empty value at MSH[1].21[1].2[1](Namespace ID) is expected to be present.</Description>
          <Assertion>
            <Presence Path="1[1].21[1].2[1]"/>
          </Assertion>
        </Constraint>
        <Constraint ID="TCA-27" Target="1[1].21[1].2[1]">
          <Reference GeneratedBy="Test Case Authoring &amp; Management Tool(TCAMT)" ReferencePath="MSH[1].21[1].2[1]" Source="DataInstanceTestCase" TestDataCategorization="Value-Test Case Fixed"/>
          <Description>Expected test case fixed content is missing. The value at MSH[1].21[1].2[1](Namespace ID) does not match the expected value: 'CDCPHINVS'.</Description>
          <Assertion>
            <PlainText IgnoreCase="false" Path="1[1].21[1].2[1]" Text="CDCPHINVS"/>
          </Assertion>
        </Constraint>
        <Constraint ID="TCA-28" Target="4[1].5[1].3[1]">
          <Reference GeneratedBy="Test Case Authoring &amp; Management Tool(TCAMT)" ReferencePath="ERR[1].5[1].3[1]" Source="DataInstanceTestCase" TestDataCategorization="Value-Profile Fixed"/>
          <Description>Expected content is missing. The empty value at ERR[1].5[1].3[1](Name of Coding System) is expected to be present.</Description>
          <Assertion>
            <Presence Path="4[1].5[1].3[1]"/>
          </Assertion>
        </Constraint>
        <Constraint ID="TCA-29" Target="4[1].2[1].4[1]">
          <Reference GeneratedBy="Test Case Authoring &amp; Management Tool(TCAMT)" ReferencePath="ERR[1].2[1].4[1]" Source="DataInstanceTestCase" TestDataCategorization="Value-Test Case Fixed"/>
          <Description>Expected content is missing. The empty value at ERR[1].2[1].4[1](Field Repetition) is expected to be present.</Description>
          <Assertion>
            <Presence Path="4[1].2[1].4[1]"/>
          </Assertion>
        </Constraint>
        <Constraint ID="TCA-29" Target="4[1].2[1].4[1]">
          <Reference GeneratedBy="Test Case Authoring &amp; Management Tool(TCAMT)" ReferencePath="ERR[1].2[1].4[1]" Source="DataInstanceTestCase" TestDataCategorization="Value-Test Case Fixed"/>
          <Description>Expected test case fixed content is missing. The value at ERR[1].2[1].4[1](Field Repetition) does not match the expected value: '1'.</Description>
          <Assertion>
            <PlainText IgnoreCase="false" Path="4[1].2[1].4[1]" Text="1"/>
          </Assertion>
        </Constraint>
        <Constraint ID="TCA-30" Target="4[1].5[1].1[1]">
          <Reference GeneratedBy="Test Case Authoring &amp; Management Tool(TCAMT)" ReferencePath="ERR[1].5[1].1[1]" Source="DataInstanceTestCase" TestDataCategorization="Value-Test Case Fixed"/>
          <Description>Expected content is missing. The empty value at ERR[1].5[1].1[1](Identifier) is expected to be present.</Description>
          <Assertion>
            <Presence Path="4[1].5[1].1[1]"/>
          </Assertion>
        </Constraint>
        <Constraint ID="TCA-30" Target="4[1].5[1].1[1]">
          <Reference GeneratedBy="Test Case Authoring &amp; Management Tool(TCAMT)" ReferencePath="ERR[1].5[1].1[1]" Source="DataInstanceTestCase" TestDataCategorization="Value-Test Case Fixed"/>
          <Description>Expected test case fixed content is missing. The value at ERR[1].5[1].1[1](Identifier) does not match the expected value: '5'.</Description>
          <Assertion>
            <PlainText IgnoreCase="false" Path="4[1].5[1].1[1]" Text="5"/>
          </Assertion>
        </Constraint>
        <Constraint ID="TCA-31" Target="4[1].3[1].1[1]">
          <Reference GeneratedBy="Test Case Authoring &amp; Management Tool(TCAMT)" ReferencePath="ERR[1].3[1].1[1]" Source="DataInstanceTestCase" TestDataCategorization="Value-Test Case Fixed"/>
          <Description>Expected content is missing. The empty value at ERR[1].3[1].1[1](Identifier) is expected to be present.</Description>
          <Assertion>
            <Presence Path="4[1].3[1].1[1]"/>
          </Assertion>
        </Constraint>
        <Constraint ID="TCA-31" Target="4[1].3[1].1[1]">
          <Reference GeneratedBy="Test Case Authoring &amp; Management Tool(TCAMT)" ReferencePath="ERR[1].3[1].1[1]" Source="DataInstanceTestCase" TestDataCategorization="Value-Test Case Fixed"/>
          <Description>Expected test case fixed content is missing. The value at ERR[1].3[1].1[1](Identifier) does not match the expected value: '999'.</Description>
          <Assertion>
            <PlainText IgnoreCase="false" Path="4[1].3[1].1[1]" Text="999"/>
          </Assertion>
        </Constraint>
        <Constraint ID="TCA-32" Target="1[1].23[1].1[1]">
          <Reference GeneratedBy="Test Case Authoring &amp; Management Tool(TCAMT)" ReferencePath="MSH[1].23[1].1[1]" Source="DataInstanceTestCase" TestDataCategorization="Presence-Content Indifferent"/>
          <Description>Expected content is missing. The empty value at MSH[1].23[1].1[1](Organization Name) is expected to be present.</Description>
          <Assertion>
            <Presence Path="1[1].23[1].1[1]"/>
          </Assertion>
        </Constraint>
      </ByName>
    </Group>
  </Constraints>
</ConformanceContext>
