{
  "teststorydesc" : " The IIS has a mapping error in their CVX table and is unable to recognize the CVX code sent in RXA-5 even though it is valid. The IIS is unable to identify the appropriate vaccine, which is a required element, and rejects the message. The acknowledgement message returned contains errors for the table mapping, missing required field (RXA-5) and missing required segment (RXA).",
  "comments" : "No Comments",
  "preCondition" : "A VXU message is generated by the EHR.",
  "postCondition" : "No PostCondition",
  "testObjectives" : "<br>",
  "evaluationCriteria" : "The errors returned in the ACK message must be visible in the EHR.",
  "notes" : "No Note"
}