{
  "teststorydesc" : " The IIS returns a positive acknowledgement message indicating that no errors were found during the course of filing the message.",
  "comments" : "No Comments",
  "preCondition" : "A VXU message is generated by the EHR.",
  "postCondition" : "No PostCondition",
  "testObjectives" : "No Test Objectives",
  "evaluationCriteria" : "The acknowledgement message is consumed by the system responsible for the content of the administration message without error.\r\n",
  "notes" : "No Note"
}