{
  "teststorydesc" : "The IIS performs a search for Bobbie Q. Child and finds one high-confidence match. The IIS generates an evaluated history and forecast for Bobbie and returns this to the EHR-S. One dose of vaccine was not administrated at the correct age and is marked as not valid. The EHR-S displays the evaluated history and forecast, including the not valid dose.",
  "comments" : "No Comments",
  "preCondition" : "A query is performed by the sending system. The IIS (simulated by the NIST test tool) contains an immunization events for the person.",
  "postCondition" : "The response is made available to the EHR-S for processing. The clinician is able to view the evaluated history and forecast from the IIS. There is no obligation to incorporate the data into the EHR-S or maintain the displayed evaluated history and forecast.",
  "testObjectives" : "Receive a response message containing the evaluated history and forecast; display evaluated history and forecast.<br>",
  "evaluationCriteria" : "Confirms valid receipt and display of response message using the Juror Document.",
  "notes" : "No Note"
}