{
  "teststorydesc" : "Query for an adult using the most significant query parameters. The patient is found in the IIS. A response message is returned with a single immunization event and multiple immunization recommendations.\r\n<br/>\r\nAn adult male patient, Stanley S. Clement presents to the clinic, seeking an immunization for influenza. A clinic staff member locates his medical record in the electronic health record system. The staff member sees that he has previously had an immunization against influenza. The staff member triggers a request to the IIS to request an evaluated history and forecast for the patient. The IIS performs a search for Stanley S. Clement and finds one high confidence match. The IIS generates an evaluated history and forecast for Mr. Clement and returns this to the EHR-S. The EHR-S displays the evaluated history and forecast to the staff member.",
  "comments" : "No Comments",
  "preCondition" : "Person exists in the system with the complete demographics as provided in the Test Data Specification.\r\n<br/>\r\nPerson has Medical Record Number (MR). \r\n<br/>\r\nPerson does not have existing immunization events in their EHR.\r\n<br/>\r\nPerson does have an immunization history in the IIS,",
  "postCondition" : "The clinician is able to view the evaluated history and forecast from the IIS. There is no obligation to incorporate the data into the EHR-S or maintain the displayed evaluated history and forecast.",
  "testObjectives" : "Evaluates EHR-S ability to create a well formed query for an adult. Evaluates EHR-S ability to accept a response with evaluated history and forecast for that person.",
  "evaluationCriteria" : "<ol><li>Tester inspects patient record; confirms that the patients does not have existing immunization events.<br></li><li>Confirms valid query message using Message Validation Report.</li><li>Confirms valid receipt and display of response message using the Juror Document.</li></ol>",
  "notes" : "The NIST tool is simulating a response from the IIS."
}