<?xml version="1.0" encoding="UTF-8"?>

<ConformanceContext UUID="659ca704-d6a0-4845-9803-c3eb17bbe5d1">
  <Constraints>
    <Group>
      <ByName Name="QBP_Q11">
        <Constraint ID="TCA-1" Target="4[1].1[1]">
          <Reference GeneratedBy="Test Case Authoring &amp; Management Tool(TCAMT)" ReferencePath="RCP[1].1[1]" Source="TestCase" TestDataCategorization="Value-Profile Fixed"/>
          <Description>Expected content is missing. The empty value at RCP[1].1[1](Query Priority) is expected to be present.</Description>
          <Assertion>
            <Presence Path="4[1].1[1]"/>
          </Assertion>
        </Constraint>
        <Constraint ID="TCA-2" Target="1[1].23[1].1[1]">
          <Reference GeneratedBy="Test Case Authoring &amp; Management Tool(TCAMT)" ReferencePath="MSH[1].23[1].1[1]" Source="TestCase" TestDataCategorization="Presence-Configuration"/>
          <Description>Expected content is missing. The empty value at MSH[1].23[1].1[1](Organization Name) is expected to be present.</Description>
          <Assertion>
            <Presence Path="1[1].23[1].1[1]"/>
          </Assertion>
        </Constraint>
        <Constraint ID="TCA-10" Target="3[1].4[1].2[1]">
          <Reference GeneratedBy="Test Case Authoring &amp; Management Tool(TCAMT)" ReferencePath="QPD[1].4[1].2[1]" Source="TestCase" TestDataCategorization="Value-Test Case Fixed"/>
          <Description>Expected content is missing. The empty value at QPD[1].4[1].2[1](Given Name) is expected to be present.</Description>
          <Assertion>
            <Presence Path="3[1].4[1].2[1]"/>
          </Assertion>
        </Constraint>
        <Constraint ID="TCA-10" Target="3[1].4[1].2[1]">
          <Reference GeneratedBy="Test Case Authoring &amp; Management Tool(TCAMT)" ReferencePath="QPD[1].4[1].2[1]" Source="TestCase" TestDataCategorization="Value-Test Case Fixed"/>
          <Description>Expected test case fixed content is missing. The value at QPD[1].4[1].2[1](Given Name) does not match the expected value: 'James'.</Description>
          <Assertion>
            <PlainText IgnoreCase="false" Path="3[1].4[1].2[1]" Text="James"/>
          </Assertion>
        </Constraint>
        <Constraint ID="TCA-11" Target="4[1].2[1].2[1].2[1]">
          <Reference GeneratedBy="Test Case Authoring &amp; Management Tool(TCAMT)" ReferencePath="RCP[1].2[1].2[1].2[1]" Source="TestCase" TestDataCategorization="Value-Profile Fixed"/>
          <Description>Expected content is missing. The empty value at RCP[1].2[1].2[1].2[1](Text) is expected to be present.</Description>
          <Assertion>
            <Presence Path="4[1].2[1].2[1].2[1]"/>
          </Assertion>
        </Constraint>
        <Constraint ID="TCA-12" Target="3[1].3[1].5[1]">
          <Reference GeneratedBy="Test Case Authoring &amp; Management Tool(TCAMT)" ReferencePath="QPD[1].3[1].5[1]" Source="TestCase" TestDataCategorization="Value-Test Case Fixed"/>
          <Description>Expected content is missing. The empty value at QPD[1].3[1].5[1](Identifier Type Code) is expected to be present.</Description>
          <Assertion>
            <Presence Path="3[1].3[1].5[1]"/>
          </Assertion>
        </Constraint>
        <Constraint ID="TCA-12" Target="3[1].3[1].5[1]">
          <Reference GeneratedBy="Test Case Authoring &amp; Management Tool(TCAMT)" ReferencePath="QPD[1].3[1].5[1]" Source="TestCase" TestDataCategorization="Value-Test Case Fixed"/>
          <Description>Expected test case fixed content is missing. The value at QPD[1].3[1].5[1](Identifier Type Code) does not match the expected value: 'MR'.</Description>
          <Assertion>
            <PlainText IgnoreCase="false" Path="3[1].3[1].5[1]" Text="MR"/>
          </Assertion>
        </Constraint>
        <Constraint ID="TCA-13" Target="1[1].22[1].1[1]">
          <Reference GeneratedBy="Test Case Authoring &amp; Management Tool(TCAMT)" ReferencePath="MSH[1].22[1].1[1]" Source="TestCase" TestDataCategorization="Presence-Configuration"/>
          <Description>Expected content is missing. The empty value at MSH[1].22[1].1[1](Organization Name) is expected to be present.</Description>
          <Assertion>
            <Presence Path="1[1].22[1].1[1]"/>
          </Assertion>
        </Constraint>
        <Constraint ID="TCA-15" Target="3[1].4[1].1[1].1[1]">
          <Reference GeneratedBy="Test Case Authoring &amp; Management Tool(TCAMT)" ReferencePath="QPD[1].4[1].1[1].1[1]" Source="TestCase" TestDataCategorization="Value-Test Case Fixed"/>
          <Description>Expected content is missing. The empty value at QPD[1].4[1].1[1].1[1](Surname) is expected to be present.</Description>
          <Assertion>
            <Presence Path="3[1].4[1].1[1].1[1]"/>
          </Assertion>
        </Constraint>
        <Constraint ID="TCA-15" Target="3[1].4[1].1[1].1[1]">
          <Reference GeneratedBy="Test Case Authoring &amp; Management Tool(TCAMT)" ReferencePath="QPD[1].4[1].1[1].1[1]" Source="TestCase" TestDataCategorization="Value-Test Case Fixed"/>
          <Description>Expected test case fixed content is missing. The value at QPD[1].4[1].1[1].1[1](Surname) does not match the expected value: 'Smith'.</Description>
          <Assertion>
            <PlainText IgnoreCase="false" Path="3[1].4[1].1[1].1[1]" Text="Smith"/>
          </Assertion>
        </Constraint>
        <Constraint ID="TCA-18" Target="3[1].8[1].1[1].1[1]">
          <Reference GeneratedBy="Test Case Authoring &amp; Management Tool(TCAMT)" ReferencePath="QPD[1].8[1].1[1].1[1]" Source="TestCase" TestDataCategorization="Value-Test Case Fixed"/>
          <Description>Expected content is missing. The empty value at QPD[1].8[1].1[1].1[1](Street or Mailing Address) is expected to be present.</Description>
          <Assertion>
            <Presence Path="3[1].8[1].1[1].1[1]"/>
          </Assertion>
        </Constraint>
        <Constraint ID="TCA-18" Target="3[1].8[1].1[1].1[1]">
          <Reference GeneratedBy="Test Case Authoring &amp; Management Tool(TCAMT)" ReferencePath="QPD[1].8[1].1[1].1[1]" Source="TestCase" TestDataCategorization="Value-Test Case Fixed"/>
          <Description>Expected test case fixed content is missing. The value at QPD[1].8[1].1[1].1[1](Street or Mailing Address) does not match the expected value: '22 East Branch Way'.</Description>
          <Assertion>
            <PlainText IgnoreCase="false" Path="3[1].8[1].1[1].1[1]" Text="22 East Branch Way"/>
          </Assertion>
        </Constraint>
        <Constraint ID="TCA-19" Target="1[1].21[1].2[1]">
          <Reference GeneratedBy="Test Case Authoring &amp; Management Tool(TCAMT)" ReferencePath="MSH[1].21[1].2[1]" Source="TestCase" TestDataCategorization="Value-Profile Fixed"/>
          <Description>Expected content is missing. The empty value at MSH[1].21[1].2[1](Namespace ID) is expected to be present.</Description>
          <Assertion>
            <Presence Path="1[1].21[1].2[1]"/>
          </Assertion>
        </Constraint>
        <Constraint ID="TCA-20" Target="3[1].9[1].7[1]">
          <Reference GeneratedBy="Test Case Authoring &amp; Management Tool(TCAMT)" ReferencePath="QPD[1].9[1].7[1]" Source="TestCase" TestDataCategorization="Value-Test Case Fixed"/>
          <Description>Expected content is missing. The empty value at QPD[1].9[1].7[1](Local Number) is expected to be present.</Description>
          <Assertion>
            <Presence Path="3[1].9[1].7[1]"/>
          </Assertion>
        </Constraint>
        <Constraint ID="TCA-20" Target="3[1].9[1].7[1]">
          <Reference GeneratedBy="Test Case Authoring &amp; Management Tool(TCAMT)" ReferencePath="QPD[1].9[1].7[1]" Source="TestCase" TestDataCategorization="Value-Test Case Fixed"/>
          <Description>Expected test case fixed content is missing. The value at QPD[1].9[1].7[1](Local Number) does not match the expected value: '5556285'.</Description>
          <Assertion>
            <PlainText IgnoreCase="false" Path="3[1].9[1].7[1]" Text="5556285"/>
          </Assertion>
        </Constraint>
        <Constraint ID="TCA-21" Target="1[1].5[1].1[1]">
          <Reference GeneratedBy="Test Case Authoring &amp; Management Tool(TCAMT)" ReferencePath="MSH[1].5[1].1[1]" Source="TestCase" TestDataCategorization="Presence-Configuration"/>
          <Description>Expected content is missing. The empty value at MSH[1].5[1].1[1](Namespace ID) is expected to be present.</Description>
          <Assertion>
            <Presence Path="1[1].5[1].1[1]"/>
          </Assertion>
        </Constraint>
        <Constraint ID="TCA-22" Target="1[1].21[1].1[1]">
          <Reference GeneratedBy="Test Case Authoring &amp; Management Tool(TCAMT)" ReferencePath="MSH[1].21[1].1[1]" Source="TestCase" TestDataCategorization="Value-Test Case Fixed"/>
          <Description>Expected test case fixed content is missing. The value at MSH[1].21[1].1[1](Entity Identifier) does not match the expected value: 'Z44'.</Description>
          <Assertion>
            <PlainText IgnoreCase="false" Path="1[1].21[1].1[1]" Text="Z44"/>
          </Assertion>
        </Constraint>
        <Constraint ID="TCA-24" Target="3[1].9[1].2[1]">
          <Reference GeneratedBy="Test Case Authoring &amp; Management Tool(TCAMT)" ReferencePath="QPD[1].9[1].2[1]" Source="TestCase" TestDataCategorization="Value-Test Case Fixed"/>
          <Description>Expected content is missing. The empty value at QPD[1].9[1].2[1](Telecommunication Use Code) is expected to be present.</Description>
          <Assertion>
            <Presence Path="3[1].9[1].2[1]"/>
          </Assertion>
        </Constraint>
        <Constraint ID="TCA-24" Target="3[1].9[1].2[1]">
          <Reference GeneratedBy="Test Case Authoring &amp; Management Tool(TCAMT)" ReferencePath="QPD[1].9[1].2[1]" Source="TestCase" TestDataCategorization="Value-Test Case Fixed"/>
          <Description>Expected test case fixed content is missing. The value at QPD[1].9[1].2[1](Telecommunication Use Code) does not match the expected value: 'PRN'.</Description>
          <Assertion>
            <PlainText IgnoreCase="false" Path="3[1].9[1].2[1]" Text="PRN"/>
          </Assertion>
        </Constraint>
        <Constraint ID="TCA-26" Target="3[1].9[1].6[1]">
          <Reference GeneratedBy="Test Case Authoring &amp; Management Tool(TCAMT)" ReferencePath="QPD[1].9[1].6[1]" Source="TestCase" TestDataCategorization="Value-Test Case Fixed"/>
          <Description>Expected content is missing. The empty value at QPD[1].9[1].6[1](Area/City Code) is expected to be present.</Description>
          <Assertion>
            <Presence Path="3[1].9[1].6[1]"/>
          </Assertion>
        </Constraint>
        <Constraint ID="TCA-26" Target="3[1].9[1].6[1]">
          <Reference GeneratedBy="Test Case Authoring &amp; Management Tool(TCAMT)" ReferencePath="QPD[1].9[1].6[1]" Source="TestCase" TestDataCategorization="Value-Test Case Fixed"/>
          <Description>Expected test case fixed content is missing. The value at QPD[1].9[1].6[1](Area/City Code) does not match the expected value: '406'.</Description>
          <Assertion>
            <PlainText IgnoreCase="false" Path="3[1].9[1].6[1]" Text="406"/>
          </Assertion>
        </Constraint>
        <Constraint ID="TCA-28" Target="3[1].4[1].7[1]">
          <Reference GeneratedBy="Test Case Authoring &amp; Management Tool(TCAMT)" ReferencePath="QPD[1].4[1].7[1]" Source="TestCase" TestDataCategorization="Value-Test Case Fixed"/>
          <Description>Expected content is missing. The empty value at QPD[1].4[1].7[1](Name Type Code) is expected to be present.</Description>
          <Assertion>
            <Presence Path="3[1].4[1].7[1]"/>
          </Assertion>
        </Constraint>
        <Constraint ID="TCA-28" Target="3[1].4[1].7[1]">
          <Reference GeneratedBy="Test Case Authoring &amp; Management Tool(TCAMT)" ReferencePath="QPD[1].4[1].7[1]" Source="TestCase" TestDataCategorization="Value-Test Case Fixed"/>
          <Description>Expected test case fixed content is missing. The value at QPD[1].4[1].7[1](Name Type Code) does not match the expected value: 'L'.</Description>
          <Assertion>
            <PlainText IgnoreCase="false" Path="3[1].4[1].7[1]" Text="L"/>
          </Assertion>
        </Constraint>
        <Constraint ID="TCA-29" Target="3[1].8[1].5[1]">
          <Reference GeneratedBy="Test Case Authoring &amp; Management Tool(TCAMT)" ReferencePath="QPD[1].8[1].5[1]" Source="TestCase" TestDataCategorization="Value-Test Case Fixed"/>
          <Description>Expected content is missing. The empty value at QPD[1].8[1].5[1](Zip or Postal Code) is expected to be present.</Description>
          <Assertion>
            <Presence Path="3[1].8[1].5[1]"/>
          </Assertion>
        </Constraint>
        <Constraint ID="TCA-29" Target="3[1].8[1].5[1]">
          <Reference GeneratedBy="Test Case Authoring &amp; Management Tool(TCAMT)" ReferencePath="QPD[1].8[1].5[1]" Source="TestCase" TestDataCategorization="Value-Test Case Fixed"/>
          <Description>Expected test case fixed content is missing. The value at QPD[1].8[1].5[1](Zip or Postal Code) does not match the expected value: '59047'.</Description>
          <Assertion>
            <PlainText IgnoreCase="false" Path="3[1].8[1].5[1]" Text="59047"/>
          </Assertion>
        </Constraint>
        <Constraint ID="TCA-31" Target="3[1].3[1].1[1]">
          <Reference GeneratedBy="Test Case Authoring &amp; Management Tool(TCAMT)" ReferencePath="QPD[1].3[1].1[1]" Source="TestCase" TestDataCategorization="Value-Test Case Fixed"/>
          <Description>Expected content is missing. The empty value at QPD[1].3[1].1[1](ID Number) is expected to be present.</Description>
          <Assertion>
            <Presence Path="3[1].3[1].1[1]"/>
          </Assertion>
        </Constraint>
        <Constraint ID="TCA-31" Target="3[1].3[1].1[1]">
          <Reference GeneratedBy="Test Case Authoring &amp; Management Tool(TCAMT)" ReferencePath="QPD[1].3[1].1[1]" Source="TestCase" TestDataCategorization="Value-Test Case Fixed"/>
          <Description>Expected test case fixed content is missing. The value at QPD[1].3[1].1[1](ID Number) does not match the expected value: '412299'.</Description>
          <Assertion>
            <PlainText IgnoreCase="false" Path="3[1].3[1].1[1]" Text="412299"/>
          </Assertion>
        </Constraint>
        <Constraint ID="TCA-32" Target="3[1].1[1].1[1]">
          <Reference GeneratedBy="Test Case Authoring &amp; Management Tool(TCAMT)" ReferencePath="QPD[1].1[1].1[1]" Source="TestCase" TestDataCategorization="Value-Test Case Fixed"/>
          <Description>Expected test case fixed content is missing. The value at QPD[1].1[1].1[1](Identifier) does not match the expected value: 'Z44'.</Description>
          <Assertion>
            <PlainText IgnoreCase="false" Path="3[1].1[1].1[1]" Text="Z44"/>
          </Assertion>
        </Constraint>
        <Constraint ID="TCA-33" Target="3[1].6[1].1[1]">
          <Reference GeneratedBy="Test Case Authoring &amp; Management Tool(TCAMT)" ReferencePath="QPD[1].6[1].1[1]" Source="TestCase" TestDataCategorization="Value-Test Case Fixed"/>
          <Description>Expected content is missing. The empty value at QPD[1].6[1].1[1](Time) is expected to be present.</Description>
          <Assertion>
            <Presence Path="3[1].6[1].1[1]"/>
          </Assertion>
        </Constraint>
        <Constraint ID="TCA-33" Target="3[1].6[1].1[1]">
          <Reference GeneratedBy="Test Case Authoring &amp; Management Tool(TCAMT)" ReferencePath="QPD[1].6[1].1[1]" Source="TestCase" TestDataCategorization="Value-Test Case Fixed"/>
          <Description>Expected test case fixed content is missing. The value at QPD[1].6[1].1[1](Time) does not match the expected value: '20110905'.</Description>
          <Assertion>
            <PlainText IgnoreCase="false" Path="3[1].6[1].1[1]" Text="20110905"/>
          </Assertion>
        </Constraint>
        <Constraint ID="TCA-35" Target="3[1].1[1].2[1]">
          <Reference GeneratedBy="Test Case Authoring &amp; Management Tool(TCAMT)" ReferencePath="QPD[1].1[1].2[1]" Source="TestCase" TestDataCategorization="Value-Test Case Fixed"/>
          <Description>Expected content is missing. The empty value at QPD[1].1[1].2[1](Text) is expected to be present.</Description>
          <Assertion>
            <Presence Path="3[1].1[1].2[1]"/>
          </Assertion>
        </Constraint>
        <Constraint ID="TCA-35" Target="3[1].1[1].2[1]">
          <Reference GeneratedBy="Test Case Authoring &amp; Management Tool(TCAMT)" ReferencePath="QPD[1].1[1].2[1]" Source="TestCase" TestDataCategorization="Value-Test Case Fixed"/>
          <Description>Expected test case fixed content is missing. The value at QPD[1].1[1].2[1](Text) does not match the expected value: 'Request Evaluated History and Forecast'.</Description>
          <Assertion>
            <PlainText IgnoreCase="false" Path="3[1].1[1].2[1]" Text="Request Evaluated History and Forecast"/>
          </Assertion>
        </Constraint>
        <Constraint ID="TCA-37" Target="3[1].8[1].7[1]">
          <Reference GeneratedBy="Test Case Authoring &amp; Management Tool(TCAMT)" ReferencePath="QPD[1].8[1].7[1]" Source="TestCase" TestDataCategorization="Presence-Content Indifferent"/>
          <Description>Expected content is missing. The empty value at QPD[1].8[1].7[1](Address Type) is expected to be present.</Description>
          <Assertion>
            <Presence Path="3[1].8[1].7[1]"/>
          </Assertion>
        </Constraint>
        <Constraint ID="TCA-39" Target="3[1].8[1].3[1]">
          <Reference GeneratedBy="Test Case Authoring &amp; Management Tool(TCAMT)" ReferencePath="QPD[1].8[1].3[1]" Source="TestCase" TestDataCategorization="Value-Test Case Fixed"/>
          <Description>Expected content is missing. The empty value at QPD[1].8[1].3[1](City) is expected to be present.</Description>
          <Assertion>
            <Presence Path="3[1].8[1].3[1]"/>
          </Assertion>
        </Constraint>
        <Constraint ID="TCA-39" Target="3[1].8[1].3[1]">
          <Reference GeneratedBy="Test Case Authoring &amp; Management Tool(TCAMT)" ReferencePath="QPD[1].8[1].3[1]" Source="TestCase" TestDataCategorization="Value-Test Case Fixed"/>
          <Description>Expected test case fixed content is missing. The value at QPD[1].8[1].3[1](City) does not match the expected value: 'Livingston'.</Description>
          <Assertion>
            <PlainText IgnoreCase="false" Path="3[1].8[1].3[1]" Text="Livingston"/>
          </Assertion>
        </Constraint>
        <Constraint ID="TCA-40" Target="1[1].3[1].1[1]">
          <Reference GeneratedBy="Test Case Authoring &amp; Management Tool(TCAMT)" ReferencePath="MSH[1].3[1].1[1]" Source="TestCase" TestDataCategorization="Presence-Configuration"/>
          <Description>Expected content is missing. The empty value at MSH[1].3[1].1[1](Namespace ID) is expected to be present.</Description>
          <Assertion>
            <Presence Path="1[1].3[1].1[1]"/>
          </Assertion>
        </Constraint>
        <Constraint ID="TCA-41" Target="3[1].8[1].4[1]">
          <Reference GeneratedBy="Test Case Authoring &amp; Management Tool(TCAMT)" ReferencePath="QPD[1].8[1].4[1]" Source="TestCase" TestDataCategorization="Value-Test Case Fixed"/>
          <Description>Expected content is missing. The empty value at QPD[1].8[1].4[1](State or Province) is expected to be present.</Description>
          <Assertion>
            <Presence Path="3[1].8[1].4[1]"/>
          </Assertion>
        </Constraint>
        <Constraint ID="TCA-41" Target="3[1].8[1].4[1]">
          <Reference GeneratedBy="Test Case Authoring &amp; Management Tool(TCAMT)" ReferencePath="QPD[1].8[1].4[1]" Source="TestCase" TestDataCategorization="Value-Test Case Fixed"/>
          <Description>Expected test case fixed content is missing. The value at QPD[1].8[1].4[1](State or Province) does not match the expected value: 'MT'.</Description>
          <Assertion>
            <PlainText IgnoreCase="false" Path="3[1].8[1].4[1]" Text="MT"/>
          </Assertion>
        </Constraint>
        <Constraint ID="TCA-42" Target="4[1].2[1].1[1]">
          <Reference GeneratedBy="Test Case Authoring &amp; Management Tool(TCAMT)" ReferencePath="RCP[1].2[1].1[1]" Source="TestCase" TestDataCategorization="Value-Test Case Fixed"/>
          <Description>Expected test case fixed content is missing. The value at RCP[1].2[1].1[1](Quantity) does not match the expected value: '1'.</Description>
          <Assertion>
            <PlainText IgnoreCase="false" Path="4[1].2[1].1[1]" Text="1"/>
          </Assertion>
        </Constraint>
        <Constraint ID="TCA-43" Target="1[1].6[1].1[1]">
          <Reference GeneratedBy="Test Case Authoring &amp; Management Tool(TCAMT)" ReferencePath="MSH[1].6[1].1[1]" Source="TestCase" TestDataCategorization="Presence-Configuration"/>
          <Description>Expected content is missing. The empty value at MSH[1].6[1].1[1](Namespace ID) is expected to be present.</Description>
          <Assertion>
            <Presence Path="1[1].6[1].1[1]"/>
          </Assertion>
        </Constraint>
        <Constraint ID="TCA-44" Target="3[1].7[1]">
          <Reference GeneratedBy="Test Case Authoring &amp; Management Tool(TCAMT)" ReferencePath="QPD[1].7[1]" Source="TestCase" TestDataCategorization="Value-Test Case Fixed"/>
          <Description>Expected content is missing. The empty value at QPD[1].7[1](Patient Sex) is expected to be present.</Description>
          <Assertion>
            <Presence Path="3[1].7[1]"/>
          </Assertion>
        </Constraint>
        <Constraint ID="TCA-44" Target="3[1].7[1]">
          <Reference GeneratedBy="Test Case Authoring &amp; Management Tool(TCAMT)" ReferencePath="QPD[1].7[1]" Source="TestCase" TestDataCategorization="Value-Test Case Fixed"/>
          <Description>Expected test case fixed content is missing. The value at QPD[1].7[1](Patient Sex) does not match the expected value: 'M'.</Description>
          <Assertion>
            <PlainText IgnoreCase="false" Path="3[1].7[1]" Text="M"/>
          </Assertion>
        </Constraint>
        <Constraint ID="TCA-48" Target="1[1].4[1].1[1]">
          <Reference GeneratedBy="Test Case Authoring &amp; Management Tool(TCAMT)" ReferencePath="MSH[1].4[1].1[1]" Source="TestCase" TestDataCategorization="Presence-Configuration"/>
          <Description>Expected content is missing. The empty value at MSH[1].4[1].1[1](Namespace ID) is expected to be present.</Description>
          <Assertion>
            <Presence Path="1[1].4[1].1[1]"/>
          </Assertion>
        </Constraint>
        <Constraint ID="TCA-50" Target="3[1].3[1].4[1].1[1]">
          <Reference GeneratedBy="Test Case Authoring &amp; Management Tool(TCAMT)" ReferencePath="QPD[1].3[1].4[1].1[1]" Source="TestCase" TestDataCategorization="Value-Test Case Fixed"/>
          <Description>Expected content is missing. The empty value at QPD[1].3[1].4[1].1[1](Namespace ID) is expected to be present.</Description>
          <Assertion>
            <Presence Path="3[1].3[1].4[1].1[1]"/>
          </Assertion>
        </Constraint>
        <Constraint ID="TCA-50" Target="3[1].3[1].4[1].1[1]">
          <Reference GeneratedBy="Test Case Authoring &amp; Management Tool(TCAMT)" ReferencePath="QPD[1].3[1].4[1].1[1]" Source="TestCase" TestDataCategorization="Value-Test Case Fixed"/>
          <Description>Expected test case fixed content is missing. The value at QPD[1].3[1].4[1].1[1](Namespace ID) does not match the expected value: 'NIST MPI'.</Description>
          <Assertion>
            <PlainText IgnoreCase="false" Path="3[1].3[1].4[1].1[1]" Text="NIST MPI"/>
          </Assertion>
        </Constraint>
        <Constraint ID="TCA-51" Target="3[1].9[1].3[1]">
          <Reference GeneratedBy="Test Case Authoring &amp; Management Tool(TCAMT)" ReferencePath="QPD[1].9[1].3[1]" Source="TestCase" TestDataCategorization="Value-Test Case Fixed"/>
          <Description>Expected content is missing. The empty value at QPD[1].9[1].3[1](Telecommunication Equipment Type) is expected to be present.</Description>
          <Assertion>
            <Presence Path="3[1].9[1].3[1]"/>
          </Assertion>
        </Constraint>
        <Constraint ID="TCA-51" Target="3[1].9[1].3[1]">
          <Reference GeneratedBy="Test Case Authoring &amp; Management Tool(TCAMT)" ReferencePath="QPD[1].9[1].3[1]" Source="TestCase" TestDataCategorization="Value-Test Case Fixed"/>
          <Description>Expected test case fixed content is missing. The value at QPD[1].9[1].3[1](Telecommunication Equipment Type) does not match the expected value: 'PH'.</Description>
          <Assertion>
            <PlainText IgnoreCase="false" Path="3[1].9[1].3[1]" Text="PH"/>
          </Assertion>
        </Constraint>
      </ByName>
    </Group>
  </Constraints>
</ConformanceContext>
