{
"version" : "2.9.7",
"profile" : "QBP_Q11",
"tables":
[
		{
			"title":"Patient Information",
			"elements" : 
			[
				{"element" : "Patient Name", "data" : "James Smith"},
				{"element" : "Mother's Maiden Name", "data" : ""},
				{"element" : "ID Number", "data" : "412299 "},
				{"element" : "Date/Time of Birth", "data" : "09/05/2011"},
				{"element" : "Sex", "data" : "Male"},
				{"element" : "Patient Address", "data" : "22 East Branch Way Livingston MT 59047
"},
				{"element" : "Patient Phone", "data" : "(406)555-6285"},
				{"element" : "Birth Indicator", "data" : ""},
				{"element" : "Birth Order", "data" : ""}
			]

		}
]
}