<?xml version="1.0" encoding="UTF-8"?>

<ConformanceContext UUID="6291b226-b71f-43c2-b6b0-afa59de05f96">
  <Constraints>
    <Group>
      <ByName Name="VXU_V04">
        <Constraint ID="TCA-1" Target="9[1].4[1].1[1].3[1]">
          <Reference GeneratedBy="Test Case Authoring &amp; Management Tool(TCAMT)" ReferencePath="ORDER[1].RXR[1].1[1].3[1]" Source="DataInstanceTestCase" TestDataCategorization="Value-Profile Fixed"/>
          <Description>Expected content is missing. The empty value at ORDER[1].RXR[1].1[1].3[1](Name of Coding System) is expected to be present.</Description>
          <Assertion>
            <Presence Path="9[1].4[1].1[1].3[1]"/>
          </Assertion>
        </Constraint>
        <Constraint ID="TCA-2" Target="9[1].3[1].5[1].3[1]">
          <Reference GeneratedBy="Test Case Authoring &amp; Management Tool(TCAMT)" ReferencePath="ORDER[1].RXA[1].5[1].3[1]" Source="DataInstanceTestCase" TestDataCategorization="Value-Test Case Fixed"/>
          <Description>Expected content is missing. The empty value at ORDER[1].RXA[1].5[1].3[1](Name of Coding System) is expected to be present.</Description>
          <Assertion>
            <Presence Path="9[1].3[1].5[1].3[1]"/>
          </Assertion>
        </Constraint>
        <Constraint ID="TCA-2" Target="9[1].3[1].5[1].3[1]">
          <Reference GeneratedBy="Test Case Authoring &amp; Management Tool(TCAMT)" ReferencePath="ORDER[1].RXA[1].5[1].3[1]" Source="DataInstanceTestCase" TestDataCategorization="Value-Test Case Fixed"/>
          <Description>Expected test case fixed content is missing. The value at ORDER[1].RXA[1].5[1].3[1](Name of Coding System) does not match the expected value: 'NDC'.</Description>
          <Assertion>
            <PlainText IgnoreCase="false" Path="9[1].3[1].5[1].3[1]" Text="NDC"/>
          </Assertion>
        </Constraint>
        <Constraint ID="TCA-3" Target="9[1].5[2].1[1].17[1].3[1]">
          <Reference GeneratedBy="Test Case Authoring &amp; Management Tool(TCAMT)" ReferencePath="ORDER[1].OBSERVATION[2].OBX[1].17[1].3[1]" Source="DataInstanceTestCase" TestDataCategorization="Value-Profile Fixed"/>
          <Description>Expected content is missing. The empty value at ORDER[1].OBSERVATION[2].OBX[1].17[1].3[1](Name of Coding System) is expected to be present.</Description>
          <Assertion>
            <Presence Path="9[1].5[2].1[1].17[1].3[1]"/>
          </Assertion>
        </Constraint>
        <Constraint ID="TCA-4" Target="9[1].3[1].17[1].2[1]">
          <Reference GeneratedBy="Test Case Authoring &amp; Management Tool(TCAMT)" ReferencePath="ORDER[1].RXA[1].17[1].2[1]" Source="DataInstanceTestCase" TestDataCategorization="Presence-Content Indifferent"/>
          <Description>Expected content is missing. The empty value at ORDER[1].RXA[1].17[1].2[1](Text) is expected to be present.</Description>
          <Assertion>
            <Presence Path="9[1].3[1].17[1].2[1]"/>
          </Assertion>
        </Constraint>
        <Constraint ID="TCA-6" Target="5[1].5[1].6[1]">
          <Reference GeneratedBy="Test Case Authoring &amp; Management Tool(TCAMT)" ReferencePath="NK1[1].5[1].6[1]" Source="DataInstanceTestCase" TestDataCategorization="Presence-Content Indifferent"/>
          <Description>Expected content is missing. The empty value at NK1[1].5[1].6[1](Area/City Code) is expected to be present.</Description>
          <Assertion>
            <Presence Path="5[1].5[1].6[1]"/>
          </Assertion>
        </Constraint>
        <Constraint ID="TCA-7" Target="5[1].4[1].4[1]">
          <Reference GeneratedBy="Test Case Authoring &amp; Management Tool(TCAMT)" ReferencePath="NK1[1].4[1].4[1]" Source="DataInstanceTestCase" TestDataCategorization="Presence-Content Indifferent"/>
          <Description>Expected content is missing. The empty value at NK1[1].4[1].4[1](State or Province) is expected to be present.</Description>
          <Assertion>
            <Presence Path="5[1].4[1].4[1]"/>
          </Assertion>
        </Constraint>
        <Constraint ID="TCA-8" Target="1[1].21[1].1[1]">
          <Reference GeneratedBy="Test Case Authoring &amp; Management Tool(TCAMT)" ReferencePath="MSH[1].21[1].1[1]" Source="DataInstanceTestCase" TestDataCategorization="Value-Test Case Fixed"/>
          <Description>Expected test case fixed content is missing. The value at MSH[1].21[1].1[1](Entity Identifier) does not match the expected value: 'Z22'.</Description>
          <Assertion>
            <PlainText IgnoreCase="false" Path="1[1].21[1].1[1]" Text="Z22"/>
          </Assertion>
        </Constraint>
        <Constraint ID="TCA-9" Target="9[1].3[1].17[1].1[1]">
          <Reference GeneratedBy="Test Case Authoring &amp; Management Tool(TCAMT)" ReferencePath="ORDER[1].RXA[1].17[1].1[1]" Source="DataInstanceTestCase" TestDataCategorization="Presence-Content Indifferent"/>
          <Description>Expected content is missing. The empty value at ORDER[1].RXA[1].17[1].1[1](Identifier) is expected to be present.</Description>
          <Assertion>
            <Presence Path="9[1].3[1].17[1].1[1]"/>
          </Assertion>
        </Constraint>
        <Constraint ID="TCA-10" Target="1[1].5[1].1[1]">
          <Reference GeneratedBy="Test Case Authoring &amp; Management Tool(TCAMT)" ReferencePath="MSH[1].5[1].1[1]" Source="DataInstanceTestCase" TestDataCategorization="Presence-Content Indifferent"/>
          <Description>Expected content is missing. The empty value at MSH[1].5[1].1[1](Namespace ID) is expected to be present.</Description>
          <Assertion>
            <Presence Path="1[1].5[1].1[1]"/>
          </Assertion>
        </Constraint>
        <Constraint ID="TCA-11" Target="5[1].4[1].1[1].1[1]">
          <Reference GeneratedBy="Test Case Authoring &amp; Management Tool(TCAMT)" ReferencePath="NK1[1].4[1].1[1].1[1]" Source="DataInstanceTestCase" TestDataCategorization="Presence-Content Indifferent"/>
          <Description>Expected content is missing. The empty value at NK1[1].4[1].1[1].1[1](Street or Mailing Address) is expected to be present.</Description>
          <Assertion>
            <Presence Path="5[1].4[1].1[1].1[1]"/>
          </Assertion>
        </Constraint>
        <Constraint ID="TCA-12" Target="9[1].4[1].1[1].1[1]">
          <Reference GeneratedBy="Test Case Authoring &amp; Management Tool(TCAMT)" ReferencePath="ORDER[1].RXR[1].1[1].1[1]" Source="DataInstanceTestCase" TestDataCategorization="Presence-Content Indifferent"/>
          <Description>Expected content is missing. The empty value at ORDER[1].RXR[1].1[1].1[1](Identifier) is expected to be present.</Description>
          <Assertion>
            <Presence Path="9[1].4[1].1[1].1[1]"/>
          </Assertion>
        </Constraint>
        <Constraint ID="TCA-13" Target="3[1].10[1].2[1]">
          <Reference GeneratedBy="Test Case Authoring &amp; Management Tool(TCAMT)" ReferencePath="PID[1].10[1].2[1]" Source="DataInstanceTestCase" TestDataCategorization="Presence-Content Indifferent"/>
          <Description>Expected content is missing. The empty value at PID[1].10[1].2[1](Text) is expected to be present.</Description>
          <Assertion>
            <Presence Path="3[1].10[1].2[1]"/>
          </Assertion>
        </Constraint>
        <Constraint ID="TCA-14" Target="9[1].5[1].1[1].11[1]">
          <Reference GeneratedBy="Test Case Authoring &amp; Management Tool(TCAMT)" ReferencePath="ORDER[1].OBSERVATION[1].OBX[1].11[1]" Source="DataInstanceTestCase" TestDataCategorization="Value-Profile Fixed"/>
          <Description>Expected content is missing. The empty value at ORDER[1].OBSERVATION[1].OBX[1].11[1](Observation Result Status) is expected to be present.</Description>
          <Assertion>
            <Presence Path="9[1].5[1].1[1].11[1]"/>
          </Assertion>
        </Constraint>
        <Constraint ID="TCA-15" Target="9[1].5[1].1[1].4[1]">
          <Reference GeneratedBy="Test Case Authoring &amp; Management Tool(TCAMT)" ReferencePath="ORDER[1].OBSERVATION[1].OBX[1].4[1]" Source="DataInstanceTestCase" TestDataCategorization="Presence-Content Indifferent"/>
          <Description>Expected content is missing. The empty value at ORDER[1].OBSERVATION[1].OBX[1].4[1](Observation Sub-ID) is expected to be present.</Description>
          <Assertion>
            <Presence Path="9[1].5[1].1[1].4[1]"/>
          </Assertion>
        </Constraint>
        <Constraint ID="TCA-17" Target="9[1].3[1].7[1].2[1]">
          <Reference GeneratedBy="Test Case Authoring &amp; Management Tool(TCAMT)" ReferencePath="ORDER[1].RXA[1].7[1].2[1]" Source="DataInstanceTestCase" TestDataCategorization="Presence-Content Indifferent"/>
          <Description>Expected content is missing. The empty value at ORDER[1].RXA[1].7[1].2[1](Text) is expected to be present.</Description>
          <Assertion>
            <Presence Path="9[1].3[1].7[1].2[1]"/>
          </Assertion>
        </Constraint>
        <Constraint ID="TCA-19" Target="3[1].11[1].1[1].1[1]">
          <Reference GeneratedBy="Test Case Authoring &amp; Management Tool(TCAMT)" ReferencePath="PID[1].11[1].1[1].1[1]" Source="DataInstanceTestCase" TestDataCategorization="Presence-Content Indifferent"/>
          <Description>Expected content is missing. The empty value at PID[1].11[1].1[1].1[1](Street or Mailing Address) is expected to be present.</Description>
          <Assertion>
            <Presence Path="3[1].11[1].1[1].1[1]"/>
          </Assertion>
        </Constraint>
        <Constraint ID="TCA-20" Target="9[1].5[4].1[1].1[1]">
          <Reference GeneratedBy="Test Case Authoring &amp; Management Tool(TCAMT)" ReferencePath="ORDER[1].OBSERVATION[4].OBX[1].1[1]" Source="DataInstanceTestCase" TestDataCategorization="Value-Profile Fixed"/>
          <Description>Expected content is missing. The empty value at ORDER[1].OBSERVATION[4].OBX[1].1[1](Set ID - OBX) is expected to be present.</Description>
          <Assertion>
            <Presence Path="9[1].5[4].1[1].1[1]"/>
          </Assertion>
        </Constraint>
        <Constraint ID="TCA-21" Target="9[1].1[1].3[1].2[1]">
          <Reference GeneratedBy="Test Case Authoring &amp; Management Tool(TCAMT)" ReferencePath="ORDER[1].ORC[1].3[1].2[1]" Source="DataInstanceTestCase" TestDataCategorization="Presence-Content Indifferent"/>
          <Description>Expected content is missing. The empty value at ORDER[1].ORC[1].3[1].2[1](Namespace ID) is expected to be present.</Description>
          <Assertion>
            <Presence Path="9[1].1[1].3[1].2[1]"/>
          </Assertion>
        </Constraint>
        <Constraint ID="TCA-22" Target="4[1].11[1].3[1]">
          <Reference GeneratedBy="Test Case Authoring &amp; Management Tool(TCAMT)" ReferencePath="PD1[1].11[1].3[1]" Source="DataInstanceTestCase" TestDataCategorization="Value-Profile Fixed"/>
          <Description>Expected content is missing. The empty value at PD1[1].11[1].3[1](Name of Coding System) is expected to be present.</Description>
          <Assertion>
            <Presence Path="4[1].11[1].3[1]"/>
          </Assertion>
        </Constraint>
        <Constraint ID="TCA-23" Target="3[1].6[1].1[1].1[1]">
          <Reference GeneratedBy="Test Case Authoring &amp; Management Tool(TCAMT)" ReferencePath="PID[1].6[1].1[1].1[1]" Source="DataInstanceTestCase" TestDataCategorization="Presence-Content Indifferent"/>
          <Description>Expected content is missing. The empty value at PID[1].6[1].1[1].1[1](Surname) is expected to be present.</Description>
          <Assertion>
            <Presence Path="3[1].6[1].1[1].1[1]"/>
          </Assertion>
        </Constraint>
        <Constraint ID="TCA-24" Target="9[1].5[1].1[1].1[1]">
          <Reference GeneratedBy="Test Case Authoring &amp; Management Tool(TCAMT)" ReferencePath="ORDER[1].OBSERVATION[1].OBX[1].1[1]" Source="DataInstanceTestCase" TestDataCategorization="Value-Profile Fixed"/>
          <Description>Expected content is missing. The empty value at ORDER[1].OBSERVATION[1].OBX[1].1[1](Set ID - OBX) is expected to be present.</Description>
          <Assertion>
            <Presence Path="9[1].5[1].1[1].1[1]"/>
          </Assertion>
        </Constraint>
        <Constraint ID="TCA-25" Target="9[1].3[1].7[1].1[1]">
          <Reference GeneratedBy="Test Case Authoring &amp; Management Tool(TCAMT)" ReferencePath="ORDER[1].RXA[1].7[1].1[1]" Source="DataInstanceTestCase" TestDataCategorization="Value-Test Case Fixed"/>
          <Description>Expected content is missing. The empty value at ORDER[1].RXA[1].7[1].1[1](Identifier) is expected to be present.</Description>
          <Assertion>
            <Presence Path="9[1].3[1].7[1].1[1]"/>
          </Assertion>
        </Constraint>
        <Constraint ID="TCA-25" Target="9[1].3[1].7[1].1[1]">
          <Reference GeneratedBy="Test Case Authoring &amp; Management Tool(TCAMT)" ReferencePath="ORDER[1].RXA[1].7[1].1[1]" Source="DataInstanceTestCase" TestDataCategorization="Value-Test Case Fixed"/>
          <Description>Expected test case fixed content is missing. The value at ORDER[1].RXA[1].7[1].1[1](Identifier) does not match the expected value: 'mL'.</Description>
          <Assertion>
            <PlainText IgnoreCase="false" Path="9[1].3[1].7[1].1[1]" Text="mL"/>
          </Assertion>
        </Constraint>
        <Constraint ID="TCA-26" Target="3[1].3[1].4[1].1[1]">
          <Reference GeneratedBy="Test Case Authoring &amp; Management Tool(TCAMT)" ReferencePath="PID[1].3[1].4[1].1[1]" Source="DataInstanceTestCase" TestDataCategorization="Presence-Content Indifferent"/>
          <Description>Expected content is missing. The empty value at PID[1].3[1].4[1].1[1](Namespace ID) is expected to be present.</Description>
          <Assertion>
            <Presence Path="3[1].3[1].4[1].1[1]"/>
          </Assertion>
        </Constraint>
        <Constraint ID="TCA-27" Target="9[1].1[1].17[1].2[1]">
          <Reference GeneratedBy="Test Case Authoring &amp; Management Tool(TCAMT)" ReferencePath="ORDER[1].ORC[1].17[1].2[1]" Source="DataInstanceTestCase" TestDataCategorization="Presence-Content Indifferent"/>
          <Description>Expected content is missing. The empty value at ORDER[1].ORC[1].17[1].2[1](Text) is expected to be present.</Description>
          <Assertion>
            <Presence Path="9[1].1[1].17[1].2[1]"/>
          </Assertion>
        </Constraint>
        <Constraint ID="TCA-28" Target="9[1].5[4].1[1].2[1]">
          <Reference GeneratedBy="Test Case Authoring &amp; Management Tool(TCAMT)" ReferencePath="ORDER[1].OBSERVATION[4].OBX[1].2[1]" Source="DataInstanceTestCase" TestDataCategorization="Value-Test Case Fixed"/>
          <Description>Expected content is missing. The empty value at ORDER[1].OBSERVATION[4].OBX[1].2[1](Value Type) is expected to be present.</Description>
          <Assertion>
            <Presence Path="9[1].5[4].1[1].2[1]"/>
          </Assertion>
        </Constraint>
        <Constraint ID="TCA-28" Target="9[1].5[4].1[1].2[1]">
          <Reference GeneratedBy="Test Case Authoring &amp; Management Tool(TCAMT)" ReferencePath="ORDER[1].OBSERVATION[4].OBX[1].2[1]" Source="DataInstanceTestCase" TestDataCategorization="Value-Test Case Fixed"/>
          <Description>Expected test case fixed content is missing. The value at ORDER[1].OBSERVATION[4].OBX[1].2[1](Value Type) does not match the expected value: 'DT'.</Description>
          <Assertion>
            <PlainText IgnoreCase="false" Path="9[1].5[4].1[1].2[1]" Text="DT"/>
          </Assertion>
        </Constraint>
        <Constraint ID="TCA-30" Target="9[1].1[1].17[1].3[1]">
          <Reference GeneratedBy="Test Case Authoring &amp; Management Tool(TCAMT)" ReferencePath="ORDER[1].ORC[1].17[1].3[1]" Source="DataInstanceTestCase" TestDataCategorization="Value-Profile Fixed"/>
          <Description>Expected content is missing. The empty value at ORDER[1].ORC[1].17[1].3[1](Name of Coding System) is expected to be present.</Description>
          <Assertion>
            <Presence Path="9[1].1[1].17[1].3[1]"/>
          </Assertion>
        </Constraint>
        <Constraint ID="TCA-31" Target="5[1].2[1].7[1]">
          <Reference GeneratedBy="Test Case Authoring &amp; Management Tool(TCAMT)" ReferencePath="NK1[1].2[1].7[1]" Source="DataInstanceTestCase" TestDataCategorization="Presence-Content Indifferent"/>
          <Description>Expected content is missing. The empty value at NK1[1].2[1].7[1](Name Type Code) is expected to be present.</Description>
          <Assertion>
            <Presence Path="5[1].2[1].7[1]"/>
          </Assertion>
        </Constraint>
        <Constraint ID="TCA-32" Target="9[1].5[1].1[1].2[1]">
          <Reference GeneratedBy="Test Case Authoring &amp; Management Tool(TCAMT)" ReferencePath="ORDER[1].OBSERVATION[1].OBX[1].2[1]" Source="DataInstanceTestCase" TestDataCategorization="Value-Test Case Fixed"/>
          <Description>Expected content is missing. The empty value at ORDER[1].OBSERVATION[1].OBX[1].2[1](Value Type) is expected to be present.</Description>
          <Assertion>
            <Presence Path="9[1].5[1].1[1].2[1]"/>
          </Assertion>
        </Constraint>
        <Constraint ID="TCA-32" Target="9[1].5[1].1[1].2[1]">
          <Reference GeneratedBy="Test Case Authoring &amp; Management Tool(TCAMT)" ReferencePath="ORDER[1].OBSERVATION[1].OBX[1].2[1]" Source="DataInstanceTestCase" TestDataCategorization="Value-Test Case Fixed"/>
          <Description>Expected test case fixed content is missing. The value at ORDER[1].OBSERVATION[1].OBX[1].2[1](Value Type) does not match the expected value: 'CE'.</Description>
          <Assertion>
            <PlainText IgnoreCase="false" Path="9[1].5[1].1[1].2[1]" Text="CE"/>
          </Assertion>
        </Constraint>
        <Constraint ID="TCA-33" Target="9[1].1[1].12[1].2[1].1[1]">
          <Reference GeneratedBy="Test Case Authoring &amp; Management Tool(TCAMT)" ReferencePath="ORDER[1].ORC[1].12[1].2[1].1[1]" Source="DataInstanceTestCase" TestDataCategorization="Presence-Content Indifferent"/>
          <Description>Expected content is missing. The empty value at ORDER[1].ORC[1].12[1].2[1].1[1](Surname) is expected to be present.</Description>
          <Assertion>
            <Presence Path="9[1].1[1].12[1].2[1].1[1]"/>
          </Assertion>
        </Constraint>
        <Constraint ID="TCA-34" Target="9[1].5[3].1[1].4[1]">
          <Reference GeneratedBy="Test Case Authoring &amp; Management Tool(TCAMT)" ReferencePath="ORDER[1].OBSERVATION[3].OBX[1].4[1]" Source="DataInstanceTestCase" TestDataCategorization="Presence-Content Indifferent"/>
          <Description>Expected content is missing. The empty value at ORDER[1].OBSERVATION[3].OBX[1].4[1](Observation Sub-ID) is expected to be present.</Description>
          <Assertion>
            <Presence Path="9[1].5[3].1[1].4[1]"/>
          </Assertion>
        </Constraint>
        <Constraint ID="TCA-35" Target="9[1].5[4].1[1].14[1].1[1]">
          <Reference GeneratedBy="Test Case Authoring &amp; Management Tool(TCAMT)" ReferencePath="ORDER[1].OBSERVATION[4].OBX[1].14[1].1[1]" Source="DataInstanceTestCase" TestDataCategorization="Presence-System Generated"/>
          <Description>Expected content is missing. The empty value at ORDER[1].OBSERVATION[4].OBX[1].14[1].1[1](Time) is expected to be present.</Description>
          <Assertion>
            <Presence Path="9[1].5[4].1[1].14[1].1[1]"/>
          </Assertion>
        </Constraint>
        <Constraint ID="TCA-36" Target="9[1].3[1].7[1].3[1]">
          <Reference GeneratedBy="Test Case Authoring &amp; Management Tool(TCAMT)" ReferencePath="ORDER[1].RXA[1].7[1].3[1]" Source="DataInstanceTestCase" TestDataCategorization="Value-Test Case Fixed"/>
          <Description>Expected content is missing. The empty value at ORDER[1].RXA[1].7[1].3[1](Name of Coding System) is expected to be present.</Description>
          <Assertion>
            <Presence Path="9[1].3[1].7[1].3[1]"/>
          </Assertion>
        </Constraint>
        <Constraint ID="TCA-36" Target="9[1].3[1].7[1].3[1]">
          <Reference GeneratedBy="Test Case Authoring &amp; Management Tool(TCAMT)" ReferencePath="ORDER[1].RXA[1].7[1].3[1]" Source="DataInstanceTestCase" TestDataCategorization="Value-Test Case Fixed"/>
          <Description>Expected test case fixed content is missing. The value at ORDER[1].RXA[1].7[1].3[1](Name of Coding System) does not match the expected value: 'UCUM'.</Description>
          <Assertion>
            <PlainText IgnoreCase="false" Path="9[1].3[1].7[1].3[1]" Text="UCUM"/>
          </Assertion>
        </Constraint>
        <Constraint ID="TCA-37" Target="9[1].5[4].1[1].3[1].3[1]">
          <Reference GeneratedBy="Test Case Authoring &amp; Management Tool(TCAMT)" ReferencePath="ORDER[1].OBSERVATION[4].OBX[1].3[1].3[1]" Source="DataInstanceTestCase" TestDataCategorization="Value-Profile Fixed"/>
          <Description>Expected content is missing. The empty value at ORDER[1].OBSERVATION[4].OBX[1].3[1].3[1](Name of Coding System) is expected to be present.</Description>
          <Assertion>
            <Presence Path="9[1].5[4].1[1].3[1].3[1]"/>
          </Assertion>
        </Constraint>
        <Constraint ID="TCA-38" Target="1[1].4[1].1[1]">
          <Reference GeneratedBy="Test Case Authoring &amp; Management Tool(TCAMT)" ReferencePath="MSH[1].4[1].1[1]" Source="DataInstanceTestCase" TestDataCategorization="Presence-Content Indifferent"/>
          <Description>Expected content is missing. The empty value at MSH[1].4[1].1[1](Namespace ID) is expected to be present.</Description>
          <Assertion>
            <Presence Path="1[1].4[1].1[1]"/>
          </Assertion>
        </Constraint>
        <Constraint ID="TCA-39" Target="9[1].3[1].17[1].3[1]">
          <Reference GeneratedBy="Test Case Authoring &amp; Management Tool(TCAMT)" ReferencePath="ORDER[1].RXA[1].17[1].3[1]" Source="DataInstanceTestCase" TestDataCategorization="Value-Test Case Fixed"/>
          <Description>Expected content is missing. The empty value at ORDER[1].RXA[1].17[1].3[1](Name of Coding System) is expected to be present.</Description>
          <Assertion>
            <Presence Path="9[1].3[1].17[1].3[1]"/>
          </Assertion>
        </Constraint>
        <Constraint ID="TCA-39" Target="9[1].3[1].17[1].3[1]">
          <Reference GeneratedBy="Test Case Authoring &amp; Management Tool(TCAMT)" ReferencePath="ORDER[1].RXA[1].17[1].3[1]" Source="DataInstanceTestCase" TestDataCategorization="Value-Test Case Fixed"/>
          <Description>Expected test case fixed content is missing. The value at ORDER[1].RXA[1].17[1].3[1](Name of Coding System) does not match the expected value: 'MVX'.</Description>
          <Assertion>
            <PlainText IgnoreCase="false" Path="9[1].3[1].17[1].3[1]" Text="MVX"/>
          </Assertion>
        </Constraint>
        <Constraint ID="TCA-40" Target="5[1].2[1].3[1]">
          <Reference GeneratedBy="Test Case Authoring &amp; Management Tool(TCAMT)" ReferencePath="NK1[1].2[1].3[1]" Source="DataInstanceTestCase" TestDataCategorization="Presence-Content Indifferent"/>
          <Description>Expected content is missing. The empty value at NK1[1].2[1].3[1](Second and Further Given Names or Initials Thereof) is expected to be present.</Description>
          <Assertion>
            <Presence Path="5[1].2[1].3[1]"/>
          </Assertion>
        </Constraint>
        <Constraint ID="TCA-41" Target="9[1].4[1].2[1].2[1]">
          <Reference GeneratedBy="Test Case Authoring &amp; Management Tool(TCAMT)" ReferencePath="ORDER[1].RXR[1].2[1].2[1]" Source="DataInstanceTestCase" TestDataCategorization="Presence-Content Indifferent"/>
          <Description>Expected content is missing. The empty value at ORDER[1].RXR[1].2[1].2[1](Text) is expected to be present.</Description>
          <Assertion>
            <Presence Path="9[1].4[1].2[1].2[1]"/>
          </Assertion>
        </Constraint>
        <Constraint ID="TCA-42" Target="9[1].3[1].10[1].13[1]">
          <Reference GeneratedBy="Test Case Authoring &amp; Management Tool(TCAMT)" ReferencePath="ORDER[1].RXA[1].10[1].13[1]" Source="DataInstanceTestCase" TestDataCategorization="Presence-Content Indifferent"/>
          <Description>Expected content is missing. The empty value at ORDER[1].RXA[1].10[1].13[1](Identifier Type Code) is expected to be present.</Description>
          <Assertion>
            <Presence Path="9[1].3[1].10[1].13[1]"/>
          </Assertion>
        </Constraint>
        <Constraint ID="TCA-43" Target="9[1].5[1].1[1].14[1].1[1]">
          <Reference GeneratedBy="Test Case Authoring &amp; Management Tool(TCAMT)" ReferencePath="ORDER[1].OBSERVATION[1].OBX[1].14[1].1[1]" Source="DataInstanceTestCase" TestDataCategorization="Presence-System Generated"/>
          <Description>Expected content is missing. The empty value at ORDER[1].OBSERVATION[1].OBX[1].14[1].1[1](Time) is expected to be present.</Description>
          <Assertion>
            <Presence Path="9[1].5[1].1[1].14[1].1[1]"/>
          </Assertion>
        </Constraint>
        <Constraint ID="TCA-44" Target="9[1].4[1].2[1].1[1]">
          <Reference GeneratedBy="Test Case Authoring &amp; Management Tool(TCAMT)" ReferencePath="ORDER[1].RXR[1].2[1].1[1]" Source="DataInstanceTestCase" TestDataCategorization="Presence-Content Indifferent"/>
          <Description>Expected content is missing. The empty value at ORDER[1].RXR[1].2[1].1[1](Identifier) is expected to be present.</Description>
          <Assertion>
            <Presence Path="9[1].4[1].2[1].1[1]"/>
          </Assertion>
        </Constraint>
        <Constraint ID="TCA-45" Target="3[1].6[1].7[1]">
          <Reference GeneratedBy="Test Case Authoring &amp; Management Tool(TCAMT)" ReferencePath="PID[1].6[1].7[1]" Source="DataInstanceTestCase" TestDataCategorization="Value-Profile Fixed"/>
          <Description>Expected content is missing. The empty value at PID[1].6[1].7[1](Name Type Code) is expected to be present.</Description>
          <Assertion>
            <Presence Path="3[1].6[1].7[1]"/>
          </Assertion>
        </Constraint>
        <Constraint ID="TCA-47" Target="3[1].5[1].2[1]">
          <Reference GeneratedBy="Test Case Authoring &amp; Management Tool(TCAMT)" ReferencePath="PID[1].5[1].2[1]" Source="DataInstanceTestCase" TestDataCategorization="Presence Length-Content Indifferent"/>
          <Description>Content does not meet the minimum length requirement. The value at PID[1].5[1].2[1](Given Name) is expected to be at minimum '9' characters.</Description>
          <Assertion>
            <Format Path="3[1].5[1].2[1]" Regex="^.{9,}$"/>
          </Assertion>
        </Constraint>
        <Constraint ID="TCA-48" Target="3[1].11[1].6[1]">
          <Reference GeneratedBy="Test Case Authoring &amp; Management Tool(TCAMT)" ReferencePath="PID[1].11[1].6[1]" Source="DataInstanceTestCase" TestDataCategorization="Presence-Content Indifferent"/>
          <Description>Expected content is missing. The empty value at PID[1].11[1].6[1](Country) is expected to be present.</Description>
          <Assertion>
            <Presence Path="3[1].11[1].6[1]"/>
          </Assertion>
        </Constraint>
        <Constraint ID="TCA-49" Target="9[1].1[1].10[1].2[1].1[1]">
          <Reference GeneratedBy="Test Case Authoring &amp; Management Tool(TCAMT)" ReferencePath="ORDER[1].ORC[1].10[1].2[1].1[1]" Source="DataInstanceTestCase" TestDataCategorization="Presence-Content Indifferent"/>
          <Description>Expected content is missing. The empty value at ORDER[1].ORC[1].10[1].2[1].1[1](Surname) is expected to be present.</Description>
          <Assertion>
            <Presence Path="9[1].1[1].10[1].2[1].1[1]"/>
          </Assertion>
        </Constraint>
        <Constraint ID="TCA-50" Target="4[1].11[1].2[1]">
          <Reference GeneratedBy="Test Case Authoring &amp; Management Tool(TCAMT)" ReferencePath="PD1[1].11[1].2[1]" Source="DataInstanceTestCase" TestDataCategorization="Presence-Content Indifferent"/>
          <Description>Expected content is missing. The empty value at PD1[1].11[1].2[1](Text) is expected to be present.</Description>
          <Assertion>
            <Presence Path="4[1].11[1].2[1]"/>
          </Assertion>
        </Constraint>
        <Constraint ID="TCA-51" Target="9[1].3[1].10[1].2[1].1[1]">
          <Reference GeneratedBy="Test Case Authoring &amp; Management Tool(TCAMT)" ReferencePath="ORDER[1].RXA[1].10[1].2[1].1[1]" Source="DataInstanceTestCase" TestDataCategorization="Presence-Content Indifferent"/>
          <Description>Expected content is missing. The empty value at ORDER[1].RXA[1].10[1].2[1].1[1](Surname) is expected to be present.</Description>
          <Assertion>
            <Presence Path="9[1].3[1].10[1].2[1].1[1]"/>
          </Assertion>
        </Constraint>
        <Constraint ID="TCA-52" Target="3[1].11[1].4[1]">
          <Reference GeneratedBy="Test Case Authoring &amp; Management Tool(TCAMT)" ReferencePath="PID[1].11[1].4[1]" Source="DataInstanceTestCase" TestDataCategorization="Presence-Content Indifferent"/>
          <Description>Expected content is missing. The empty value at PID[1].11[1].4[1](State or Province) is expected to be present.</Description>
          <Assertion>
            <Presence Path="3[1].11[1].4[1]"/>
          </Assertion>
        </Constraint>
        <Constraint ID="TCA-53" Target="9[1].3[1].5[1].2[1]">
          <Reference GeneratedBy="Test Case Authoring &amp; Management Tool(TCAMT)" ReferencePath="ORDER[1].RXA[1].5[1].2[1]" Source="DataInstanceTestCase" TestDataCategorization="Presence-Content Indifferent"/>
          <Description>Expected content is missing. The empty value at ORDER[1].RXA[1].5[1].2[1](Text) is expected to be present.</Description>
          <Assertion>
            <Presence Path="9[1].3[1].5[1].2[1]"/>
          </Assertion>
        </Constraint>
        <Constraint ID="TCA-54" Target="9[1].3[1].6[1]">
          <Reference GeneratedBy="Test Case Authoring &amp; Management Tool(TCAMT)" ReferencePath="ORDER[1].RXA[1].6[1]" Source="DataInstanceTestCase" TestDataCategorization="Value-Test Case Fixed"/>
          <Description>Expected content is missing. The empty value at ORDER[1].RXA[1].6[1](Administered Amount) is expected to be present.</Description>
          <Assertion>
            <Presence Path="9[1].3[1].6[1]"/>
          </Assertion>
        </Constraint>
        <Constraint ID="TCA-54" Target="9[1].3[1].6[1]">
          <Reference GeneratedBy="Test Case Authoring &amp; Management Tool(TCAMT)" ReferencePath="ORDER[1].RXA[1].6[1]" Source="DataInstanceTestCase" TestDataCategorization="Value-Test Case Fixed"/>
          <Description>Expected test case fixed content is missing. The value at ORDER[1].RXA[1].6[1](Administered Amount) does not match the expected value: '0.5'.</Description>
          <Assertion>
            <PlainText IgnoreCase="false" Path="9[1].3[1].6[1]" Text="0.5"/>
          </Assertion>
        </Constraint>
        <Constraint ID="TCA-55" Target="3[1].11[1].5[1]">
          <Reference GeneratedBy="Test Case Authoring &amp; Management Tool(TCAMT)" ReferencePath="PID[1].11[1].5[1]" Source="DataInstanceTestCase" TestDataCategorization="Presence-Content Indifferent"/>
          <Description>Expected content is missing. The empty value at PID[1].11[1].5[1](Zip or Postal Code) is expected to be present.</Description>
          <Assertion>
            <Presence Path="3[1].11[1].5[1]"/>
          </Assertion>
        </Constraint>
        <Constraint ID="TCA-56" Target="5[1].5[1].2[1]">
          <Reference GeneratedBy="Test Case Authoring &amp; Management Tool(TCAMT)" ReferencePath="NK1[1].5[1].2[1]" Source="DataInstanceTestCase" TestDataCategorization="Presence-Content Indifferent"/>
          <Description>Expected content is missing. The empty value at NK1[1].5[1].2[1](Telecommunication Use Code) is expected to be present.</Description>
          <Assertion>
            <Presence Path="5[1].5[1].2[1]"/>
          </Assertion>
        </Constraint>
        <Constraint ID="TCA-57" Target="9[1].5[2].1[1].3[1].2[1]">
          <Reference GeneratedBy="Test Case Authoring &amp; Management Tool(TCAMT)" ReferencePath="ORDER[1].OBSERVATION[2].OBX[1].3[1].2[1]" Source="DataInstanceTestCase" TestDataCategorization="Presence-Content Indifferent"/>
          <Description>Expected content is missing. The empty value at ORDER[1].OBSERVATION[2].OBX[1].3[1].2[1](Text) is expected to be present.</Description>
          <Assertion>
            <Presence Path="9[1].5[2].1[1].3[1].2[1]"/>
          </Assertion>
        </Constraint>
        <Constraint ID="TCA-58" Target="9[1].1[1].12[1].3[1]">
          <Reference GeneratedBy="Test Case Authoring &amp; Management Tool(TCAMT)" ReferencePath="ORDER[1].ORC[1].12[1].3[1]" Source="DataInstanceTestCase" TestDataCategorization="Presence-Content Indifferent"/>
          <Description>Expected content is missing. The empty value at ORDER[1].ORC[1].12[1].3[1](Given Name) is expected to be present.</Description>
          <Assertion>
            <Presence Path="9[1].1[1].12[1].3[1]"/>
          </Assertion>
        </Constraint>
        <Constraint ID="TCA-60" Target="9[1].1[1].1[1]">
          <Reference GeneratedBy="Test Case Authoring &amp; Management Tool(TCAMT)" ReferencePath="ORDER[1].ORC[1].1[1]" Source="DataInstanceTestCase" TestDataCategorization="Value-Profile Fixed"/>
          <Description>Expected content is missing. The empty value at ORDER[1].ORC[1].1[1](Order Control) is expected to be present.</Description>
          <Assertion>
            <Presence Path="9[1].1[1].1[1]"/>
          </Assertion>
        </Constraint>
        <Constraint ID="TCA-61" Target="9[1].5[3].1[1].3[1].2[1]">
          <Reference GeneratedBy="Test Case Authoring &amp; Management Tool(TCAMT)" ReferencePath="ORDER[1].OBSERVATION[3].OBX[1].3[1].2[1]" Source="DataInstanceTestCase" TestDataCategorization="Presence-Content Indifferent"/>
          <Description>Expected content is missing. The empty value at ORDER[1].OBSERVATION[3].OBX[1].3[1].2[1](Text) is expected to be present.</Description>
          <Assertion>
            <Presence Path="9[1].5[3].1[1].3[1].2[1]"/>
          </Assertion>
        </Constraint>
        <Constraint ID="TCA-62" Target="9[1].1[1].17[1].1[1]">
          <Reference GeneratedBy="Test Case Authoring &amp; Management Tool(TCAMT)" ReferencePath="ORDER[1].ORC[1].17[1].1[1]" Source="DataInstanceTestCase" TestDataCategorization="Presence-Content Indifferent"/>
          <Description>Expected content is missing. The empty value at ORDER[1].ORC[1].17[1].1[1](Identifier) is expected to be present.</Description>
          <Assertion>
            <Presence Path="9[1].1[1].17[1].1[1]"/>
          </Assertion>
        </Constraint>
        <Constraint ID="TCA-63" Target="5[1].5[1].7[1]">
          <Reference GeneratedBy="Test Case Authoring &amp; Management Tool(TCAMT)" ReferencePath="NK1[1].5[1].7[1]" Source="DataInstanceTestCase" TestDataCategorization="Presence-Content Indifferent"/>
          <Description>Expected content is missing. The empty value at NK1[1].5[1].7[1](Local Number) is expected to be present.</Description>
          <Assertion>
            <Presence Path="5[1].5[1].7[1]"/>
          </Assertion>
        </Constraint>
        <Constraint ID="TCA-64" Target="9[1].1[1].12[1].13[1]">
          <Reference GeneratedBy="Test Case Authoring &amp; Management Tool(TCAMT)" ReferencePath="ORDER[1].ORC[1].12[1].13[1]" Source="DataInstanceTestCase" TestDataCategorization="Presence-Content Indifferent"/>
          <Description>Expected content is missing. The empty value at ORDER[1].ORC[1].12[1].13[1](Identifier Type Code) is expected to be present.</Description>
          <Assertion>
            <Presence Path="9[1].1[1].12[1].13[1]"/>
          </Assertion>
        </Constraint>
        <Constraint ID="TCA-65" Target="9[1].5[1].1[1].5[1]">
          <Reference GeneratedBy="Test Case Authoring &amp; Management Tool(TCAMT)" ReferencePath="ORDER[1].OBSERVATION[1].OBX[1].5[1]" Source="DataInstanceTestCase" TestDataCategorization="Presence-Content Indifferent"/>
          <Description>Expected content is missing. The empty value at ORDER[1].OBSERVATION[1].OBX[1].5[1](Observation Value) is expected to be present.</Description>
          <Assertion>
            <Presence Path="9[1].5[1].1[1].5[1]"/>
          </Assertion>
        </Constraint>
        <Constraint ID="TCA-66" Target="9[1].1[1].3[1].1[1]">
          <Reference GeneratedBy="Test Case Authoring &amp; Management Tool(TCAMT)" ReferencePath="ORDER[1].ORC[1].3[1].1[1]" Source="DataInstanceTestCase" TestDataCategorization="Presence-Content Indifferent"/>
          <Description>Expected content is missing. The empty value at ORDER[1].ORC[1].3[1].1[1](Entity Identifier) is expected to be present.</Description>
          <Assertion>
            <Presence Path="9[1].1[1].3[1].1[1]"/>
          </Assertion>
        </Constraint>
        <Constraint ID="TCA-67" Target="9[1].5[2].1[1].11[1]">
          <Reference GeneratedBy="Test Case Authoring &amp; Management Tool(TCAMT)" ReferencePath="ORDER[1].OBSERVATION[2].OBX[1].11[1]" Source="DataInstanceTestCase" TestDataCategorization="Value-Profile Fixed"/>
          <Description>Expected content is missing. The empty value at ORDER[1].OBSERVATION[2].OBX[1].11[1](Observation Result Status) is expected to be present.</Description>
          <Assertion>
            <Presence Path="9[1].5[2].1[1].11[1]"/>
          </Assertion>
        </Constraint>
        <Constraint ID="TCA-68" Target="9[1].5[4].1[1].5[1]">
          <Reference GeneratedBy="Test Case Authoring &amp; Management Tool(TCAMT)" ReferencePath="ORDER[1].OBSERVATION[4].OBX[1].5[1]" Source="DataInstanceTestCase" TestDataCategorization="Presence-Content Indifferent"/>
          <Description>Expected content is missing. The empty value at ORDER[1].OBSERVATION[4].OBX[1].5[1](Observation Value) is expected to be present.</Description>
          <Assertion>
            <Presence Path="9[1].5[4].1[1].5[1]"/>
          </Assertion>
        </Constraint>
        <Constraint ID="TCA-69" Target="5[1].3[1].3[1]">
          <Reference GeneratedBy="Test Case Authoring &amp; Management Tool(TCAMT)" ReferencePath="NK1[1].3[1].3[1]" Source="DataInstanceTestCase" TestDataCategorization="Value-Profile Fixed"/>
          <Description>Expected content is missing. The empty value at NK1[1].3[1].3[1](Name of Coding System) is expected to be present.</Description>
          <Assertion>
            <Presence Path="5[1].3[1].3[1]"/>
          </Assertion>
        </Constraint>
        <Constraint ID="TCA-70" Target="9[1].5[2].1[1].14[1].1[1]">
          <Reference GeneratedBy="Test Case Authoring &amp; Management Tool(TCAMT)" ReferencePath="ORDER[1].OBSERVATION[2].OBX[1].14[1].1[1]" Source="DataInstanceTestCase" TestDataCategorization="Presence-System Generated"/>
          <Description>Expected content is missing. The empty value at ORDER[1].OBSERVATION[2].OBX[1].14[1].1[1](Time) is expected to be present.</Description>
          <Assertion>
            <Presence Path="9[1].5[2].1[1].14[1].1[1]"/>
          </Assertion>
        </Constraint>
        <Constraint ID="TCA-71" Target="3[1].5[1].3[1]">
          <Reference GeneratedBy="Test Case Authoring &amp; Management Tool(TCAMT)" ReferencePath="PID[1].5[1].3[1]" Source="DataInstanceTestCase" TestDataCategorization="Presence Length-Content Indifferent"/>
          <Description>Expected content is missing. The empty value at PID[1].5[1].3[1](Second and Further Given Names or Initials Thereof) is expected to be present.</Description>
          <Assertion>
            <Presence Path="3[1].5[1].3[1]"/>
          </Assertion>
        </Constraint>
        <Constraint ID="TCA-71" Target="3[1].5[1].3[1]">
          <Reference GeneratedBy="Test Case Authoring &amp; Management Tool(TCAMT)" ReferencePath="PID[1].5[1].3[1]" Source="DataInstanceTestCase" TestDataCategorization="Presence Length-Content Indifferent"/>
          <Description>Content does not meet the minimum length requirement. The value at PID[1].5[1].3[1](Second and Further Given Names or Initials Thereof) is expected to be at minimum '9' characters.</Description>
          <Assertion>
            <Format Path="3[1].5[1].3[1]" Regex="^.{9,}$"/>
          </Assertion>
        </Constraint>
        <Constraint ID="TCA-72" Target="9[1].4[1].2[1].3[1]">
          <Reference GeneratedBy="Test Case Authoring &amp; Management Tool(TCAMT)" ReferencePath="ORDER[1].RXR[1].2[1].3[1]" Source="DataInstanceTestCase" TestDataCategorization="Value-Profile Fixed"/>
          <Description>Expected content is missing. The empty value at ORDER[1].RXR[1].2[1].3[1](Name of Coding System) is expected to be present.</Description>
          <Assertion>
            <Presence Path="9[1].4[1].2[1].3[1]"/>
          </Assertion>
        </Constraint>
        <Constraint ID="TCA-74" Target="9[1].3[1].15[1]">
          <Reference GeneratedBy="Test Case Authoring &amp; Management Tool(TCAMT)" ReferencePath="ORDER[1].RXA[1].15[1]" Source="DataInstanceTestCase" TestDataCategorization="Presence-Content Indifferent"/>
          <Description>Expected content is missing. The empty value at ORDER[1].RXA[1].15[1](Substance Lot Number) is expected to be present.</Description>
          <Assertion>
            <Presence Path="9[1].3[1].15[1]"/>
          </Assertion>
        </Constraint>
        <Constraint ID="TCA-75" Target="3[1].22[1].1[1]">
          <Reference GeneratedBy="Test Case Authoring &amp; Management Tool(TCAMT)" ReferencePath="PID[1].22[1].1[1]" Source="DataInstanceTestCase" TestDataCategorization="Presence-Content Indifferent"/>
          <Description>Expected content is missing. The empty value at PID[1].22[1].1[1](Identifier) is expected to be present.</Description>
          <Assertion>
            <Presence Path="3[1].22[1].1[1]"/>
          </Assertion>
        </Constraint>
        <Constraint ID="TCA-76" Target="4[1].12[1]">
          <Reference GeneratedBy="Test Case Authoring &amp; Management Tool(TCAMT)" ReferencePath="PD1[1].12[1]" Source="DataInstanceTestCase" TestDataCategorization="Value-Test Case Fixed"/>
          <Description>Expected content is missing. The empty value at PD1[1].12[1](Protection Indicator) is expected to be present.</Description>
          <Assertion>
            <Presence Path="4[1].12[1]"/>
          </Assertion>
        </Constraint>
        <Constraint ID="TCA-76" Target="4[1].12[1]">
          <Reference GeneratedBy="Test Case Authoring &amp; Management Tool(TCAMT)" ReferencePath="PD1[1].12[1]" Source="DataInstanceTestCase" TestDataCategorization="Value-Test Case Fixed"/>
          <Description>Expected test case fixed content is missing. The value at PD1[1].12[1](Protection Indicator) does not match the expected value: 'Y'.</Description>
          <Assertion>
            <PlainText IgnoreCase="false" Path="4[1].12[1]" Text="Y"/>
          </Assertion>
        </Constraint>
        <Constraint ID="TCA-77" Target="5[1].4[1].7[1]">
          <Reference GeneratedBy="Test Case Authoring &amp; Management Tool(TCAMT)" ReferencePath="NK1[1].4[1].7[1]" Source="DataInstanceTestCase" TestDataCategorization="Presence-Content Indifferent"/>
          <Description>Expected content is missing. The empty value at NK1[1].4[1].7[1](Address Type) is expected to be present.</Description>
          <Assertion>
            <Presence Path="5[1].4[1].7[1]"/>
          </Assertion>
        </Constraint>
        <Constraint ID="TCA-80" Target="9[1].5[2].1[1].4[1]">
          <Reference GeneratedBy="Test Case Authoring &amp; Management Tool(TCAMT)" ReferencePath="ORDER[1].OBSERVATION[2].OBX[1].4[1]" Source="DataInstanceTestCase" TestDataCategorization="Presence-Content Indifferent"/>
          <Description>Expected content is missing. The empty value at ORDER[1].OBSERVATION[2].OBX[1].4[1](Observation Sub-ID) is expected to be present.</Description>
          <Assertion>
            <Presence Path="9[1].5[2].1[1].4[1]"/>
          </Assertion>
        </Constraint>
        <Constraint ID="TCA-81" Target="9[1].1[1].10[1].3[1]">
          <Reference GeneratedBy="Test Case Authoring &amp; Management Tool(TCAMT)" ReferencePath="ORDER[1].ORC[1].10[1].3[1]" Source="DataInstanceTestCase" TestDataCategorization="Presence-Content Indifferent"/>
          <Description>Expected content is missing. The empty value at ORDER[1].ORC[1].10[1].3[1](Given Name) is expected to be present.</Description>
          <Assertion>
            <Presence Path="9[1].1[1].10[1].3[1]"/>
          </Assertion>
        </Constraint>
        <Constraint ID="TCA-82" Target="3[1].13[1].2[1]">
          <Reference GeneratedBy="Test Case Authoring &amp; Management Tool(TCAMT)" ReferencePath="PID[1].13[1].2[1]" Source="DataInstanceTestCase" TestDataCategorization="Presence-Content Indifferent"/>
          <Description>Expected content is missing. The empty value at PID[1].13[1].2[1](Telecommunication Use Code) is expected to be present.</Description>
          <Assertion>
            <Presence Path="3[1].13[1].2[1]"/>
          </Assertion>
        </Constraint>
        <Constraint ID="TCA-83" Target="9[1].5[4].1[1].3[1].1[1]">
          <Reference GeneratedBy="Test Case Authoring &amp; Management Tool(TCAMT)" ReferencePath="ORDER[1].OBSERVATION[4].OBX[1].3[1].1[1]" Source="DataInstanceTestCase" TestDataCategorization="Value-Test Case Fixed"/>
          <Description>Expected content is missing. The empty value at ORDER[1].OBSERVATION[4].OBX[1].3[1].1[1](Identifier) is expected to be present.</Description>
          <Assertion>
            <Presence Path="9[1].5[4].1[1].3[1].1[1]"/>
          </Assertion>
        </Constraint>
        <Constraint ID="TCA-83" Target="9[1].5[4].1[1].3[1].1[1]">
          <Reference GeneratedBy="Test Case Authoring &amp; Management Tool(TCAMT)" ReferencePath="ORDER[1].OBSERVATION[4].OBX[1].3[1].1[1]" Source="DataInstanceTestCase" TestDataCategorization="Value-Test Case Fixed"/>
          <Description>Expected test case fixed content is missing. The value at ORDER[1].OBSERVATION[4].OBX[1].3[1].1[1](Identifier) does not match the expected value: '29769-7'.</Description>
          <Assertion>
            <PlainText IgnoreCase="false" Path="9[1].5[4].1[1].3[1].1[1]" Text="29769-7"/>
          </Assertion>
        </Constraint>
        <Constraint ID="TCA-84" Target="9[1].3[1].21[1]">
          <Reference GeneratedBy="Test Case Authoring &amp; Management Tool(TCAMT)" ReferencePath="ORDER[1].RXA[1].21[1]" Source="TestCase" TestDataCategorization="Value-Test Case Fixed"/>
          <Description>Expected content is missing. The empty value at ORDER[1].RXA[1].21[1](Action Code - RXA) is expected to be present.</Description>
          <Assertion>
            <Presence Path="9[1].3[1].21[1]"/>
          </Assertion>
        </Constraint>
        <Constraint ID="TCA-84" Target="9[1].3[1].21[1]">
          <Reference GeneratedBy="Test Case Authoring &amp; Management Tool(TCAMT)" ReferencePath="ORDER[1].RXA[1].21[1]" Source="TestCase" TestDataCategorization="Value-Test Case Fixed"/>
          <Description>Expected test case fixed content is missing. The value at ORDER[1].RXA[1].21[1](Action Code - RXA) does not match the expected value: 'A'.</Description>
          <Assertion>
            <PlainText IgnoreCase="false" Path="9[1].3[1].21[1]" Text="A"/>
          </Assertion>
        </Constraint>
        <Constraint ID="TCA-86" Target="3[1].22[1].3[1]">
          <Reference GeneratedBy="Test Case Authoring &amp; Management Tool(TCAMT)" ReferencePath="PID[1].22[1].3[1]" Source="DataInstanceTestCase" TestDataCategorization="Value-Profile Fixed"/>
          <Description>Expected content is missing. The empty value at PID[1].22[1].3[1](Name of Coding System) is expected to be present.</Description>
          <Assertion>
            <Presence Path="3[1].22[1].3[1]"/>
          </Assertion>
        </Constraint>
        <Constraint ID="TCA-87" Target="3[1].11[1].7[1]">
          <Reference GeneratedBy="Test Case Authoring &amp; Management Tool(TCAMT)" ReferencePath="PID[1].11[1].7[1]" Source="DataInstanceTestCase" TestDataCategorization="Presence-Content Indifferent"/>
          <Description>Expected content is missing. The empty value at PID[1].11[1].7[1](Address Type) is expected to be present.</Description>
          <Assertion>
            <Presence Path="3[1].11[1].7[1]"/>
          </Assertion>
        </Constraint>
        <Constraint ID="TCA-88" Target="9[1].3[1].10[1].1[1]">
          <Reference GeneratedBy="Test Case Authoring &amp; Management Tool(TCAMT)" ReferencePath="ORDER[1].RXA[1].10[1].1[1]" Source="DataInstanceTestCase" TestDataCategorization="Presence-Content Indifferent"/>
          <Description>Expected content is missing. The empty value at ORDER[1].RXA[1].10[1].1[1](ID Number) is expected to be present.</Description>
          <Assertion>
            <Presence Path="9[1].3[1].10[1].1[1]"/>
          </Assertion>
        </Constraint>
        <Constraint ID="TCA-89" Target="5[1].3[1].1[1]">
          <Reference GeneratedBy="Test Case Authoring &amp; Management Tool(TCAMT)" ReferencePath="NK1[1].3[1].1[1]" Source="DataInstanceTestCase" TestDataCategorization="Presence-Content Indifferent"/>
          <Description>Expected content is missing. The empty value at NK1[1].3[1].1[1](Identifier) is expected to be present.</Description>
          <Assertion>
            <Presence Path="5[1].3[1].1[1]"/>
          </Assertion>
        </Constraint>
        <Constraint ID="TCA-90" Target="1[1].22[1].1[1]">
          <Reference GeneratedBy="Test Case Authoring &amp; Management Tool(TCAMT)" ReferencePath="MSH[1].22[1].1[1]" Source="DataInstanceTestCase" TestDataCategorization="Presence-Content Indifferent"/>
          <Description>Expected content is missing. The empty value at MSH[1].22[1].1[1](Organization Name) is expected to be present.</Description>
          <Assertion>
            <Presence Path="1[1].22[1].1[1]"/>
          </Assertion>
        </Constraint>
        <Constraint ID="TCA-91" Target="9[1].3[1].20[1]">
          <Reference GeneratedBy="Test Case Authoring &amp; Management Tool(TCAMT)" ReferencePath="ORDER[1].RXA[1].20[1]" Source="DataInstanceTestCase" TestDataCategorization="Value-Test Case Fixed"/>
          <Description>Expected content is missing. The empty value at ORDER[1].RXA[1].20[1](Completion Status) is expected to be present.</Description>
          <Assertion>
            <Presence Path="9[1].3[1].20[1]"/>
          </Assertion>
        </Constraint>
        <Constraint ID="TCA-91" Target="9[1].3[1].20[1]">
          <Reference GeneratedBy="Test Case Authoring &amp; Management Tool(TCAMT)" ReferencePath="ORDER[1].RXA[1].20[1]" Source="DataInstanceTestCase" TestDataCategorization="Value-Test Case Fixed"/>
          <Description>Expected test case fixed content is missing. The value at ORDER[1].RXA[1].20[1](Completion Status) does not match the expected value: 'CP'.</Description>
          <Assertion>
            <PlainText IgnoreCase="false" Path="9[1].3[1].20[1]" Text="CP"/>
          </Assertion>
        </Constraint>
        <Constraint ID="TCA-93" Target="3[1].22[1].2[1]">
          <Reference GeneratedBy="Test Case Authoring &amp; Management Tool(TCAMT)" ReferencePath="PID[1].22[1].2[1]" Source="DataInstanceTestCase" TestDataCategorization="Presence-Content Indifferent"/>
          <Description>Expected content is missing. The empty value at PID[1].22[1].2[1](Text) is expected to be present.</Description>
          <Assertion>
            <Presence Path="3[1].22[1].2[1]"/>
          </Assertion>
        </Constraint>
        <Constraint ID="TCA-94" Target="5[1].4[1].5[1]">
          <Reference GeneratedBy="Test Case Authoring &amp; Management Tool(TCAMT)" ReferencePath="NK1[1].4[1].5[1]" Source="DataInstanceTestCase" TestDataCategorization="Presence-Content Indifferent"/>
          <Description>Expected content is missing. The empty value at NK1[1].4[1].5[1](Zip or Postal Code) is expected to be present.</Description>
          <Assertion>
            <Presence Path="5[1].4[1].5[1]"/>
          </Assertion>
        </Constraint>
        <Constraint ID="TCA-95" Target="3[1].30[1]">
          <Reference GeneratedBy="Test Case Authoring &amp; Management Tool(TCAMT)" ReferencePath="PID[1].30[1]" Source="DataInstanceTestCase" TestDataCategorization="Presence-Content Indifferent"/>
          <Description>Expected content is missing. The empty value at PID[1].30[1](Patient Death Indicator) is expected to be present.</Description>
          <Assertion>
            <Presence Path="3[1].30[1]"/>
          </Assertion>
        </Constraint>
        <Constraint ID="TCA-96" Target="9[1].3[1].5[1].1[1]">
          <Reference GeneratedBy="Test Case Authoring &amp; Management Tool(TCAMT)" ReferencePath="ORDER[1].RXA[1].5[1].1[1]" Source="DataInstanceTestCase" TestDataCategorization="Value-Test Case Fixed"/>
          <Description>Expected content is missing. The empty value at ORDER[1].RXA[1].5[1].1[1](Identifier) is expected to be present.</Description>
          <Assertion>
            <Presence Path="9[1].3[1].5[1].1[1]"/>
          </Assertion>
        </Constraint>
        <Constraint ID="TCA-96" Target="9[1].3[1].5[1].1[1]">
          <Reference GeneratedBy="Test Case Authoring &amp; Management Tool(TCAMT)" ReferencePath="ORDER[1].RXA[1].5[1].1[1]" Source="DataInstanceTestCase" TestDataCategorization="Value-Test Case Fixed"/>
          <Description>Expected test case fixed content is missing. The value at ORDER[1].RXA[1].5[1].1[1](Identifier) does not match the expected value: '58160-0830-05'.</Description>
          <Assertion>
            <PlainText IgnoreCase="false" Path="9[1].3[1].5[1].1[1]" Text="58160-0830-05"/>
          </Assertion>
        </Constraint>
        <Constraint ID="TCA-98" Target="9[1].5[2].1[1].3[1].1[1]">
          <Reference GeneratedBy="Test Case Authoring &amp; Management Tool(TCAMT)" ReferencePath="ORDER[1].OBSERVATION[2].OBX[1].3[1].1[1]" Source="DataInstanceTestCase" TestDataCategorization="Value-Test Case Fixed"/>
          <Description>Expected content is missing. The empty value at ORDER[1].OBSERVATION[2].OBX[1].3[1].1[1](Identifier) is expected to be present.</Description>
          <Assertion>
            <Presence Path="9[1].5[2].1[1].3[1].1[1]"/>
          </Assertion>
        </Constraint>
        <Constraint ID="TCA-98" Target="9[1].5[2].1[1].3[1].1[1]">
          <Reference GeneratedBy="Test Case Authoring &amp; Management Tool(TCAMT)" ReferencePath="ORDER[1].OBSERVATION[2].OBX[1].3[1].1[1]" Source="DataInstanceTestCase" TestDataCategorization="Value-Test Case Fixed"/>
          <Description>Expected test case fixed content is missing. The value at ORDER[1].OBSERVATION[2].OBX[1].3[1].1[1](Identifier) does not match the expected value: '64994-7'.</Description>
          <Assertion>
            <PlainText IgnoreCase="false" Path="9[1].5[2].1[1].3[1].1[1]" Text="64994-7"/>
          </Assertion>
        </Constraint>
        <Constraint ID="TCA-99" Target="9[1].3[1].2[1]">
          <Reference GeneratedBy="Test Case Authoring &amp; Management Tool(TCAMT)" ReferencePath="ORDER[1].RXA[1].2[1]" Source="DataInstanceTestCase" TestDataCategorization="Value-Profile Fixed"/>
          <Description>Expected content is missing. The empty value at ORDER[1].RXA[1].2[1](Administration Sub-ID Counter) is expected to be present.</Description>
          <Assertion>
            <Presence Path="9[1].3[1].2[1]"/>
          </Assertion>
        </Constraint>
        <Constraint ID="TCA-100" Target="9[1].5[3].1[1].11[1]">
          <Reference GeneratedBy="Test Case Authoring &amp; Management Tool(TCAMT)" ReferencePath="ORDER[1].OBSERVATION[3].OBX[1].11[1]" Source="DataInstanceTestCase" TestDataCategorization="Value-Profile Fixed"/>
          <Description>Expected content is missing. The empty value at ORDER[1].OBSERVATION[3].OBX[1].11[1](Observation Result Status) is expected to be present.</Description>
          <Assertion>
            <Presence Path="9[1].5[3].1[1].11[1]"/>
          </Assertion>
        </Constraint>
        <Constraint ID="TCA-101" Target="1[1].23[1].1[1]">
          <Reference GeneratedBy="Test Case Authoring &amp; Management Tool(TCAMT)" ReferencePath="MSH[1].23[1].1[1]" Source="DataInstanceTestCase" TestDataCategorization="Presence-Content Indifferent"/>
          <Description>Expected content is missing. The empty value at MSH[1].23[1].1[1](Organization Name) is expected to be present.</Description>
          <Assertion>
            <Presence Path="1[1].23[1].1[1]"/>
          </Assertion>
        </Constraint>
        <Constraint ID="TCA-102" Target="5[1].4[1].3[1]">
          <Reference GeneratedBy="Test Case Authoring &amp; Management Tool(TCAMT)" ReferencePath="NK1[1].4[1].3[1]" Source="DataInstanceTestCase" TestDataCategorization="Presence-Content Indifferent"/>
          <Description>Expected content is missing. The empty value at NK1[1].4[1].3[1](City) is expected to be present.</Description>
          <Assertion>
            <Presence Path="5[1].4[1].3[1]"/>
          </Assertion>
        </Constraint>
        <Constraint ID="TCA-103" Target="3[1].13[1].6[1]">
          <Reference GeneratedBy="Test Case Authoring &amp; Management Tool(TCAMT)" ReferencePath="PID[1].13[1].6[1]" Source="DataInstanceTestCase" TestDataCategorization="Presence-Content Indifferent"/>
          <Description>Expected content is missing. The empty value at PID[1].13[1].6[1](Area/City Code) is expected to be present.</Description>
          <Assertion>
            <Presence Path="3[1].13[1].6[1]"/>
          </Assertion>
        </Constraint>
        <Constraint ID="TCA-104" Target="9[1].5[4].1[1].4[1]">
          <Reference GeneratedBy="Test Case Authoring &amp; Management Tool(TCAMT)" ReferencePath="ORDER[1].OBSERVATION[4].OBX[1].4[1]" Source="DataInstanceTestCase" TestDataCategorization="Presence-Content Indifferent"/>
          <Description>Expected content is missing. The empty value at ORDER[1].OBSERVATION[4].OBX[1].4[1](Observation Sub-ID) is expected to be present.</Description>
          <Assertion>
            <Presence Path="9[1].5[4].1[1].4[1]"/>
          </Assertion>
        </Constraint>
        <Constraint ID="TCA-106" Target="9[1].1[1].2[1].1[1]">
          <Reference GeneratedBy="Test Case Authoring &amp; Management Tool(TCAMT)" ReferencePath="ORDER[1].ORC[1].2[1].1[1]" Source="DataInstanceTestCase" TestDataCategorization="Presence-Content Indifferent"/>
          <Description>Expected content is missing. The empty value at ORDER[1].ORC[1].2[1].1[1](Entity Identifier) is expected to be present.</Description>
          <Assertion>
            <Presence Path="9[1].1[1].2[1].1[1]"/>
          </Assertion>
        </Constraint>
        <Constraint ID="TCA-107" Target="9[1].3[1].3[1].1[1]">
          <Reference GeneratedBy="Test Case Authoring &amp; Management Tool(TCAMT)" ReferencePath="ORDER[1].RXA[1].3[1].1[1]" Source="DataInstanceTestCase" TestDataCategorization="Presence-Content Indifferent"/>
          <Description>Expected content is missing. The empty value at ORDER[1].RXA[1].3[1].1[1](Time) is expected to be present.</Description>
          <Assertion>
            <Presence Path="9[1].3[1].3[1].1[1]"/>
          </Assertion>
        </Constraint>
        <Constraint ID="TCA-108" Target="9[1].5[3].1[1].2[1]">
          <Reference GeneratedBy="Test Case Authoring &amp; Management Tool(TCAMT)" ReferencePath="ORDER[1].OBSERVATION[3].OBX[1].2[1]" Source="DataInstanceTestCase" TestDataCategorization="Value-Test Case Fixed"/>
          <Description>Expected content is missing. The empty value at ORDER[1].OBSERVATION[3].OBX[1].2[1](Value Type) is expected to be present.</Description>
          <Assertion>
            <Presence Path="9[1].5[3].1[1].2[1]"/>
          </Assertion>
        </Constraint>
        <Constraint ID="TCA-108" Target="9[1].5[3].1[1].2[1]">
          <Reference GeneratedBy="Test Case Authoring &amp; Management Tool(TCAMT)" ReferencePath="ORDER[1].OBSERVATION[3].OBX[1].2[1]" Source="DataInstanceTestCase" TestDataCategorization="Value-Test Case Fixed"/>
          <Description>Expected test case fixed content is missing. The value at ORDER[1].OBSERVATION[3].OBX[1].2[1](Value Type) does not match the expected value: 'CE'.</Description>
          <Assertion>
            <PlainText IgnoreCase="false" Path="9[1].5[3].1[1].2[1]" Text="CE"/>
          </Assertion>
        </Constraint>
        <Constraint ID="TCA-109" Target="9[1].5[2].1[1].2[1]">
          <Reference GeneratedBy="Test Case Authoring &amp; Management Tool(TCAMT)" ReferencePath="ORDER[1].OBSERVATION[2].OBX[1].2[1]" Source="DataInstanceTestCase" TestDataCategorization="Value-Test Case Fixed"/>
          <Description>Expected content is missing. The empty value at ORDER[1].OBSERVATION[2].OBX[1].2[1](Value Type) is expected to be present.</Description>
          <Assertion>
            <Presence Path="9[1].5[2].1[1].2[1]"/>
          </Assertion>
        </Constraint>
        <Constraint ID="TCA-109" Target="9[1].5[2].1[1].2[1]">
          <Reference GeneratedBy="Test Case Authoring &amp; Management Tool(TCAMT)" ReferencePath="ORDER[1].OBSERVATION[2].OBX[1].2[1]" Source="DataInstanceTestCase" TestDataCategorization="Value-Test Case Fixed"/>
          <Description>Expected test case fixed content is missing. The value at ORDER[1].OBSERVATION[2].OBX[1].2[1](Value Type) does not match the expected value: 'CE'.</Description>
          <Assertion>
            <PlainText IgnoreCase="false" Path="9[1].5[2].1[1].2[1]" Text="CE"/>
          </Assertion>
        </Constraint>
        <Constraint ID="TCA-110" Target="9[1].5[3].1[1].14[1].1[1]">
          <Reference GeneratedBy="Test Case Authoring &amp; Management Tool(TCAMT)" ReferencePath="ORDER[1].OBSERVATION[3].OBX[1].14[1].1[1]" Source="DataInstanceTestCase" TestDataCategorization="Presence-System Generated"/>
          <Description>Expected content is missing. The empty value at ORDER[1].OBSERVATION[3].OBX[1].14[1].1[1](Time) is expected to be present.</Description>
          <Assertion>
            <Presence Path="9[1].5[3].1[1].14[1].1[1]"/>
          </Assertion>
        </Constraint>
        <Constraint ID="TCA-111" Target="3[1].10[1].1[1]">
          <Reference GeneratedBy="Test Case Authoring &amp; Management Tool(TCAMT)" ReferencePath="PID[1].10[1].1[1]" Source="DataInstanceTestCase" TestDataCategorization="Presence-Content Indifferent"/>
          <Description>Expected content is missing. The empty value at PID[1].10[1].1[1](Identifier) is expected to be present.</Description>
          <Assertion>
            <Presence Path="3[1].10[1].1[1]"/>
          </Assertion>
        </Constraint>
        <Constraint ID="TCA-112" Target="9[1].5[4].1[1].3[1].2[1]">
          <Reference GeneratedBy="Test Case Authoring &amp; Management Tool(TCAMT)" ReferencePath="ORDER[1].OBSERVATION[4].OBX[1].3[1].2[1]" Source="DataInstanceTestCase" TestDataCategorization="Presence-Content Indifferent"/>
          <Description>Expected content is missing. The empty value at ORDER[1].OBSERVATION[4].OBX[1].3[1].2[1](Text) is expected to be present.</Description>
          <Assertion>
            <Presence Path="9[1].5[4].1[1].3[1].2[1]"/>
          </Assertion>
        </Constraint>
        <Constraint ID="TCA-113" Target="9[1].1[1].2[1].2[1]">
          <Reference GeneratedBy="Test Case Authoring &amp; Management Tool(TCAMT)" ReferencePath="ORDER[1].ORC[1].2[1].2[1]" Source="DataInstanceTestCase" TestDataCategorization="Presence-Content Indifferent"/>
          <Description>Expected content is missing. The empty value at ORDER[1].ORC[1].2[1].2[1](Namespace ID) is expected to be present.</Description>
          <Assertion>
            <Presence Path="9[1].1[1].2[1].2[1]"/>
          </Assertion>
        </Constraint>
        <Constraint ID="TCA-114" Target="3[1].24[1]">
          <Reference GeneratedBy="Test Case Authoring &amp; Management Tool(TCAMT)" ReferencePath="PID[1].24[1]" Source="DataInstanceTestCase" TestDataCategorization="Presence-Content Indifferent"/>
          <Description>Expected content is missing. The empty value at PID[1].24[1](Multiple Birth Indicator) is expected to be present.</Description>
          <Assertion>
            <Presence Path="3[1].24[1]"/>
          </Assertion>
        </Constraint>
        <Constraint ID="TCA-116" Target="9[1].5[3].1[1].3[1].3[1]">
          <Reference GeneratedBy="Test Case Authoring &amp; Management Tool(TCAMT)" ReferencePath="ORDER[1].OBSERVATION[3].OBX[1].3[1].3[1]" Source="DataInstanceTestCase" TestDataCategorization="Value-Profile Fixed"/>
          <Description>Expected content is missing. The empty value at ORDER[1].OBSERVATION[3].OBX[1].3[1].3[1](Name of Coding System) is expected to be present.</Description>
          <Assertion>
            <Presence Path="9[1].5[3].1[1].3[1].3[1]"/>
          </Assertion>
        </Constraint>
        <Constraint ID="TCA-117" Target="9[1].5[2].1[1].17[1].2[1]">
          <Reference GeneratedBy="Test Case Authoring &amp; Management Tool(TCAMT)" ReferencePath="ORDER[1].OBSERVATION[2].OBX[1].17[1].2[1]" Source="DataInstanceTestCase" TestDataCategorization="Presence-Content Indifferent"/>
          <Description>Expected content is missing. The empty value at ORDER[1].OBSERVATION[2].OBX[1].17[1].2[1](Text) is expected to be present.</Description>
          <Assertion>
            <Presence Path="9[1].5[2].1[1].17[1].2[1]"/>
          </Assertion>
        </Constraint>
        <Constraint ID="TCA-118" Target="9[1].3[1].10[1].4[1]">
          <Reference GeneratedBy="Test Case Authoring &amp; Management Tool(TCAMT)" ReferencePath="ORDER[1].RXA[1].10[1].4[1]" Source="DataInstanceTestCase" TestDataCategorization="Presence-Content Indifferent"/>
          <Description>Expected content is missing. The empty value at ORDER[1].RXA[1].10[1].4[1](Second and Further Given Names or Initials Thereof) is expected to be present.</Description>
          <Assertion>
            <Presence Path="9[1].3[1].10[1].4[1]"/>
          </Assertion>
        </Constraint>
        <Constraint ID="TCA-119" Target="9[1].5[3].1[1].3[1].1[1]">
          <Reference GeneratedBy="Test Case Authoring &amp; Management Tool(TCAMT)" ReferencePath="ORDER[1].OBSERVATION[3].OBX[1].3[1].1[1]" Source="DataInstanceTestCase" TestDataCategorization="Value-Test Case Fixed"/>
          <Description>Expected content is missing. The empty value at ORDER[1].OBSERVATION[3].OBX[1].3[1].1[1](Identifier) is expected to be present.</Description>
          <Assertion>
            <Presence Path="9[1].5[3].1[1].3[1].1[1]"/>
          </Assertion>
        </Constraint>
        <Constraint ID="TCA-119" Target="9[1].5[3].1[1].3[1].1[1]">
          <Reference GeneratedBy="Test Case Authoring &amp; Management Tool(TCAMT)" ReferencePath="ORDER[1].OBSERVATION[3].OBX[1].3[1].1[1]" Source="DataInstanceTestCase" TestDataCategorization="Value-Test Case Fixed"/>
          <Description>Expected test case fixed content is missing. The value at ORDER[1].OBSERVATION[3].OBX[1].3[1].1[1](Identifier) does not match the expected value: '69764-9'.</Description>
          <Assertion>
            <PlainText IgnoreCase="false" Path="9[1].5[3].1[1].3[1].1[1]" Text="69764-9"/>
          </Assertion>
        </Constraint>
        <Constraint ID="TCA-120" Target="9[1].3[1].10[1].9[1].1[1]">
          <Reference GeneratedBy="Test Case Authoring &amp; Management Tool(TCAMT)" ReferencePath="ORDER[1].RXA[1].10[1].9[1].1[1]" Source="DataInstanceTestCase" TestDataCategorization="Presence-Content Indifferent"/>
          <Description>Expected content is missing. The empty value at ORDER[1].RXA[1].10[1].9[1].1[1](Namespace ID) is expected to be present.</Description>
          <Assertion>
            <Presence Path="9[1].3[1].10[1].9[1].1[1]"/>
          </Assertion>
        </Constraint>
        <Constraint ID="TCA-121" Target="9[1].3[1].11[1].4[1].1[1]">
          <Reference GeneratedBy="Test Case Authoring &amp; Management Tool(TCAMT)" ReferencePath="ORDER[1].RXA[1].11[1].4[1].1[1]" Source="DataInstanceTestCase" TestDataCategorization="Presence-Content Indifferent"/>
          <Description>Expected content is missing. The empty value at ORDER[1].RXA[1].11[1].4[1].1[1](Namespace ID) is expected to be present.</Description>
          <Assertion>
            <Presence Path="9[1].3[1].11[1].4[1].1[1]"/>
          </Assertion>
        </Constraint>
        <Constraint ID="TCA-122" Target="9[1].5[1].1[1].3[1].2[1]">
          <Reference GeneratedBy="Test Case Authoring &amp; Management Tool(TCAMT)" ReferencePath="ORDER[1].OBSERVATION[1].OBX[1].3[1].2[1]" Source="DataInstanceTestCase" TestDataCategorization="Presence-Content Indifferent"/>
          <Description>Expected content is missing. The empty value at ORDER[1].OBSERVATION[1].OBX[1].3[1].2[1](Text) is expected to be present.</Description>
          <Assertion>
            <Presence Path="9[1].5[1].1[1].3[1].2[1]"/>
          </Assertion>
        </Constraint>
        <Constraint ID="TCA-123" Target="4[1].18[1]">
          <Reference GeneratedBy="Test Case Authoring &amp; Management Tool(TCAMT)" ReferencePath="PD1[1].18[1]" Source="DataInstanceTestCase" TestDataCategorization="Presence-Content Indifferent"/>
          <Description>Expected content is missing. The empty value at PD1[1].18[1](Publicity Code Effective Date) is expected to be present.</Description>
          <Assertion>
            <Presence Path="4[1].18[1]"/>
          </Assertion>
        </Constraint>
        <Constraint ID="TCA-124" Target="4[1].17[1]">
          <Reference GeneratedBy="Test Case Authoring &amp; Management Tool(TCAMT)" ReferencePath="PD1[1].17[1]" Source="DataInstanceTestCase" TestDataCategorization="Presence-Content Indifferent"/>
          <Description>Expected content is missing. The empty value at PD1[1].17[1](Immunization Registry Status Effective Date) is expected to be present.</Description>
          <Assertion>
            <Presence Path="4[1].17[1]"/>
          </Assertion>
        </Constraint>
        <Constraint ID="TCA-125" Target="9[1].5[1].1[1].3[1].3[1]">
          <Reference GeneratedBy="Test Case Authoring &amp; Management Tool(TCAMT)" ReferencePath="ORDER[1].OBSERVATION[1].OBX[1].3[1].3[1]" Source="DataInstanceTestCase" TestDataCategorization="Value-Profile Fixed"/>
          <Description>Expected content is missing. The empty value at ORDER[1].OBSERVATION[1].OBX[1].3[1].3[1](Name of Coding System) is expected to be present.</Description>
          <Assertion>
            <Presence Path="9[1].5[1].1[1].3[1].3[1]"/>
          </Assertion>
        </Constraint>
        <Constraint ID="TCA-126" Target="9[1].1[1].12[1].4[1]">
          <Reference GeneratedBy="Test Case Authoring &amp; Management Tool(TCAMT)" ReferencePath="ORDER[1].ORC[1].12[1].4[1]" Source="DataInstanceTestCase" TestDataCategorization="Presence-Content Indifferent"/>
          <Description>Expected content is missing. The empty value at ORDER[1].ORC[1].12[1].4[1](Second and Further Given Names or Initials Thereof) is expected to be present.</Description>
          <Assertion>
            <Presence Path="9[1].1[1].12[1].4[1]"/>
          </Assertion>
        </Constraint>
        <Constraint ID="TCA-127" Target="9[1].3[1].10[1].3[1]">
          <Reference GeneratedBy="Test Case Authoring &amp; Management Tool(TCAMT)" ReferencePath="ORDER[1].RXA[1].10[1].3[1]" Source="DataInstanceTestCase" TestDataCategorization="Presence-Content Indifferent"/>
          <Description>Expected content is missing. The empty value at ORDER[1].RXA[1].10[1].3[1](Given Name) is expected to be present.</Description>
          <Assertion>
            <Presence Path="9[1].3[1].10[1].3[1]"/>
          </Assertion>
        </Constraint>
        <Constraint ID="TCA-128" Target="5[1].4[1].6[1]">
          <Reference GeneratedBy="Test Case Authoring &amp; Management Tool(TCAMT)" ReferencePath="NK1[1].4[1].6[1]" Source="DataInstanceTestCase" TestDataCategorization="Presence-Content Indifferent"/>
          <Description>Expected content is missing. The empty value at NK1[1].4[1].6[1](Country) is expected to be present.</Description>
          <Assertion>
            <Presence Path="5[1].4[1].6[1]"/>
          </Assertion>
        </Constraint>
        <Constraint ID="TCA-129" Target="9[1].5[3].1[1].1[1]">
          <Reference GeneratedBy="Test Case Authoring &amp; Management Tool(TCAMT)" ReferencePath="ORDER[1].OBSERVATION[3].OBX[1].1[1]" Source="DataInstanceTestCase" TestDataCategorization="Value-Profile Fixed"/>
          <Description>Expected content is missing. The empty value at ORDER[1].OBSERVATION[3].OBX[1].1[1](Set ID - OBX) is expected to be present.</Description>
          <Assertion>
            <Presence Path="9[1].5[3].1[1].1[1]"/>
          </Assertion>
        </Constraint>
        <Constraint ID="TCA-130" Target="5[1].5[1].3[1]">
          <Reference GeneratedBy="Test Case Authoring &amp; Management Tool(TCAMT)" ReferencePath="NK1[1].5[1].3[1]" Source="DataInstanceTestCase" TestDataCategorization="Value-Test Case Fixed"/>
          <Description>Expected content is missing. The empty value at NK1[1].5[1].3[1](Telecommunication Equipment Type) is expected to be present.</Description>
          <Assertion>
            <Presence Path="5[1].5[1].3[1]"/>
          </Assertion>
        </Constraint>
        <Constraint ID="TCA-130" Target="5[1].5[1].3[1]">
          <Reference GeneratedBy="Test Case Authoring &amp; Management Tool(TCAMT)" ReferencePath="NK1[1].5[1].3[1]" Source="DataInstanceTestCase" TestDataCategorization="Value-Test Case Fixed"/>
          <Description>Expected test case fixed content is missing. The value at NK1[1].5[1].3[1](Telecommunication Equipment Type) does not match the expected value: 'PH'.</Description>
          <Assertion>
            <PlainText IgnoreCase="false" Path="5[1].5[1].3[1]" Text="PH"/>
          </Assertion>
        </Constraint>
        <Constraint ID="TCA-131" Target="3[1].13[1].3[1]">
          <Reference GeneratedBy="Test Case Authoring &amp; Management Tool(TCAMT)" ReferencePath="PID[1].13[1].3[1]" Source="DataInstanceTestCase" TestDataCategorization="Value-Test Case Fixed"/>
          <Description>Expected content is missing. The empty value at PID[1].13[1].3[1](Telecommunication Equipment Type) is expected to be present.</Description>
          <Assertion>
            <Presence Path="3[1].13[1].3[1]"/>
          </Assertion>
        </Constraint>
        <Constraint ID="TCA-131" Target="3[1].13[1].3[1]">
          <Reference GeneratedBy="Test Case Authoring &amp; Management Tool(TCAMT)" ReferencePath="PID[1].13[1].3[1]" Source="DataInstanceTestCase" TestDataCategorization="Value-Test Case Fixed"/>
          <Description>Expected test case fixed content is missing. The value at PID[1].13[1].3[1](Telecommunication Equipment Type) does not match the expected value: 'PH'.</Description>
          <Assertion>
            <PlainText IgnoreCase="false" Path="3[1].13[1].3[1]" Text="PH"/>
          </Assertion>
        </Constraint>
        <Constraint ID="TCA-132" Target="9[1].1[1].12[1].10[1]">
          <Reference GeneratedBy="Test Case Authoring &amp; Management Tool(TCAMT)" ReferencePath="ORDER[1].ORC[1].12[1].10[1]" Source="DataInstanceTestCase" TestDataCategorization="Presence-Content Indifferent"/>
          <Description>Expected content is missing. The empty value at ORDER[1].ORC[1].12[1].10[1](Name Type Code) is expected to be present.</Description>
          <Assertion>
            <Presence Path="9[1].1[1].12[1].10[1]"/>
          </Assertion>
        </Constraint>
        <Constraint ID="TCA-133" Target="9[1].3[1].9[1].1[1]">
          <Reference GeneratedBy="Test Case Authoring &amp; Management Tool(TCAMT)" ReferencePath="ORDER[1].RXA[1].9[1].1[1]" Source="DataInstanceTestCase" TestDataCategorization="Value-Test Case Fixed"/>
          <Description>Expected content is missing. The empty value at ORDER[1].RXA[1].9[1].1[1](Identifier) is expected to be present.</Description>
          <Assertion>
            <Presence Path="9[1].3[1].9[1].1[1]"/>
          </Assertion>
        </Constraint>
        <Constraint ID="TCA-133" Target="9[1].3[1].9[1].1[1]">
          <Reference GeneratedBy="Test Case Authoring &amp; Management Tool(TCAMT)" ReferencePath="ORDER[1].RXA[1].9[1].1[1]" Source="DataInstanceTestCase" TestDataCategorization="Value-Test Case Fixed"/>
          <Description>Expected test case fixed content is missing. The value at ORDER[1].RXA[1].9[1].1[1](Identifier) does not match the expected value: '00'.</Description>
          <Assertion>
            <PlainText IgnoreCase="false" Path="9[1].3[1].9[1].1[1]" Text="00"/>
          </Assertion>
        </Constraint>
        <Constraint ID="TCA-134" Target="1[1].6[1].1[1]">
          <Reference GeneratedBy="Test Case Authoring &amp; Management Tool(TCAMT)" ReferencePath="MSH[1].6[1].1[1]" Source="DataInstanceTestCase" TestDataCategorization="Presence-Content Indifferent"/>
          <Description>Expected content is missing. The empty value at MSH[1].6[1].1[1](Namespace ID) is expected to be present.</Description>
          <Assertion>
            <Presence Path="1[1].6[1].1[1]"/>
          </Assertion>
        </Constraint>
        <Constraint ID="TCA-135" Target="5[1].2[1].2[1]">
          <Reference GeneratedBy="Test Case Authoring &amp; Management Tool(TCAMT)" ReferencePath="NK1[1].2[1].2[1]" Source="DataInstanceTestCase" TestDataCategorization="Presence-Content Indifferent"/>
          <Description>Expected content is missing. The empty value at NK1[1].2[1].2[1](Given Name) is expected to be present.</Description>
          <Assertion>
            <Presence Path="5[1].2[1].2[1]"/>
          </Assertion>
        </Constraint>
        <Constraint ID="TCA-136" Target="9[1].3[1].9[1].2[1]">
          <Reference GeneratedBy="Test Case Authoring &amp; Management Tool(TCAMT)" ReferencePath="ORDER[1].RXA[1].9[1].2[1]" Source="DataInstanceTestCase" TestDataCategorization="Presence-Content Indifferent"/>
          <Description>Expected content is missing. The empty value at ORDER[1].RXA[1].9[1].2[1](Text) is expected to be present.</Description>
          <Assertion>
            <Presence Path="9[1].3[1].9[1].2[1]"/>
          </Assertion>
        </Constraint>
        <Constraint ID="TCA-137" Target="1[1].3[1].1[1]">
          <Reference GeneratedBy="Test Case Authoring &amp; Management Tool(TCAMT)" ReferencePath="MSH[1].3[1].1[1]" Source="DataInstanceTestCase" TestDataCategorization="Presence-Content Indifferent"/>
          <Description>Expected content is missing. The empty value at MSH[1].3[1].1[1](Namespace ID) is expected to be present.</Description>
          <Assertion>
            <Presence Path="1[1].3[1].1[1]"/>
          </Assertion>
        </Constraint>
        <Constraint ID="TCA-138" Target="9[1].1[1].10[1].10[1]">
          <Reference GeneratedBy="Test Case Authoring &amp; Management Tool(TCAMT)" ReferencePath="ORDER[1].ORC[1].10[1].10[1]" Source="DataInstanceTestCase" TestDataCategorization="Presence-Content Indifferent"/>
          <Description>Expected content is missing. The empty value at ORDER[1].ORC[1].10[1].10[1](Name Type Code) is expected to be present.</Description>
          <Assertion>
            <Presence Path="9[1].1[1].10[1].10[1]"/>
          </Assertion>
        </Constraint>
        <Constraint ID="TCA-139" Target="5[1].3[1].2[1]">
          <Reference GeneratedBy="Test Case Authoring &amp; Management Tool(TCAMT)" ReferencePath="NK1[1].3[1].2[1]" Source="DataInstanceTestCase" TestDataCategorization="Presence-Content Indifferent"/>
          <Description>Expected content is missing. The empty value at NK1[1].3[1].2[1](Text) is expected to be present.</Description>
          <Assertion>
            <Presence Path="5[1].3[1].2[1]"/>
          </Assertion>
        </Constraint>
        <Constraint ID="TCA-140" Target="4[1].13[1]">
          <Reference GeneratedBy="Test Case Authoring &amp; Management Tool(TCAMT)" ReferencePath="PD1[1].13[1]" Source="DataInstanceTestCase" TestDataCategorization="Presence-Content Indifferent"/>
          <Description>Expected content is missing. The empty value at PD1[1].13[1](Protection Indicator Effective Date) is expected to be present.</Description>
          <Assertion>
            <Presence Path="4[1].13[1]"/>
          </Assertion>
        </Constraint>
        <Constraint ID="TCA-141" Target="9[1].1[1].10[1].13[1]">
          <Reference GeneratedBy="Test Case Authoring &amp; Management Tool(TCAMT)" ReferencePath="ORDER[1].ORC[1].10[1].13[1]" Source="DataInstanceTestCase" TestDataCategorization="Presence-Content Indifferent"/>
          <Description>Expected content is missing. The empty value at ORDER[1].ORC[1].10[1].13[1](Identifier Type Code) is expected to be present.</Description>
          <Assertion>
            <Presence Path="9[1].1[1].10[1].13[1]"/>
          </Assertion>
        </Constraint>
        <Constraint ID="TCA-142" Target="4[1].11[1].1[1]">
          <Reference GeneratedBy="Test Case Authoring &amp; Management Tool(TCAMT)" ReferencePath="PD1[1].11[1].1[1]" Source="DataInstanceTestCase" TestDataCategorization="Presence-Content Indifferent"/>
          <Description>Expected content is missing. The empty value at PD1[1].11[1].1[1](Identifier) is expected to be present.</Description>
          <Assertion>
            <Presence Path="4[1].11[1].1[1]"/>
          </Assertion>
        </Constraint>
        <Constraint ID="TCA-143" Target="9[1].5[2].1[1].17[1].1[1]">
          <Reference GeneratedBy="Test Case Authoring &amp; Management Tool(TCAMT)" ReferencePath="ORDER[1].OBSERVATION[2].OBX[1].17[1].1[1]" Source="DataInstanceTestCase" TestDataCategorization="Value-Test Case Fixed"/>
          <Description>Expected content is missing. The empty value at ORDER[1].OBSERVATION[2].OBX[1].17[1].1[1](Identifier) is expected to be present.</Description>
          <Assertion>
            <Presence Path="9[1].5[2].1[1].17[1].1[1]"/>
          </Assertion>
        </Constraint>
        <Constraint ID="TCA-143" Target="9[1].5[2].1[1].17[1].1[1]">
          <Reference GeneratedBy="Test Case Authoring &amp; Management Tool(TCAMT)" ReferencePath="ORDER[1].OBSERVATION[2].OBX[1].17[1].1[1]" Source="DataInstanceTestCase" TestDataCategorization="Value-Test Case Fixed"/>
          <Description>Expected test case fixed content is missing. The value at ORDER[1].OBSERVATION[2].OBX[1].17[1].1[1](Identifier) does not match the expected value: 'VXC40'.</Description>
          <Assertion>
            <PlainText IgnoreCase="false" Path="9[1].5[2].1[1].17[1].1[1]" Text="VXC40"/>
          </Assertion>
        </Constraint>
        <Constraint ID="TCA-144" Target="9[1].3[1].9[1].3[1]">
          <Reference GeneratedBy="Test Case Authoring &amp; Management Tool(TCAMT)" ReferencePath="ORDER[1].RXA[1].9[1].3[1]" Source="DataInstanceTestCase" TestDataCategorization="Value-Profile Fixed"/>
          <Description>Expected content is missing. The empty value at ORDER[1].RXA[1].9[1].3[1](Name of Coding System) is expected to be present.</Description>
          <Assertion>
            <Presence Path="9[1].3[1].9[1].3[1]"/>
          </Assertion>
        </Constraint>
        <Constraint ID="TCA-145" Target="9[1].5[4].1[1].11[1]">
          <Reference GeneratedBy="Test Case Authoring &amp; Management Tool(TCAMT)" ReferencePath="ORDER[1].OBSERVATION[4].OBX[1].11[1]" Source="DataInstanceTestCase" TestDataCategorization="Value-Profile Fixed"/>
          <Description>Expected content is missing. The empty value at ORDER[1].OBSERVATION[4].OBX[1].11[1](Observation Result Status) is expected to be present.</Description>
          <Assertion>
            <Presence Path="9[1].5[4].1[1].11[1]"/>
          </Assertion>
        </Constraint>
        <Constraint ID="TCA-146" Target="9[1].1[1].10[1].9[1].1[1]">
          <Reference GeneratedBy="Test Case Authoring &amp; Management Tool(TCAMT)" ReferencePath="ORDER[1].ORC[1].10[1].9[1].1[1]" Source="DataInstanceTestCase" TestDataCategorization="Presence-Content Indifferent"/>
          <Description>Expected content is missing. The empty value at ORDER[1].ORC[1].10[1].9[1].1[1](Namespace ID) is expected to be present.</Description>
          <Assertion>
            <Presence Path="9[1].1[1].10[1].9[1].1[1]"/>
          </Assertion>
        </Constraint>
        <Constraint ID="TCA-147" Target="9[1].5[3].1[1].5[1]">
          <Reference GeneratedBy="Test Case Authoring &amp; Management Tool(TCAMT)" ReferencePath="ORDER[1].OBSERVATION[3].OBX[1].5[1]" Source="DataInstanceTestCase" TestDataCategorization="Presence-Content Indifferent"/>
          <Description>Expected content is missing. The empty value at ORDER[1].OBSERVATION[3].OBX[1].5[1](Observation Value) is expected to be present.</Description>
          <Assertion>
            <Presence Path="9[1].5[3].1[1].5[1]"/>
          </Assertion>
        </Constraint>
        <Constraint ID="TCA-148" Target="9[1].3[1].10[1].10[1]">
          <Reference GeneratedBy="Test Case Authoring &amp; Management Tool(TCAMT)" ReferencePath="ORDER[1].RXA[1].10[1].10[1]" Source="DataInstanceTestCase" TestDataCategorization="Presence-Content Indifferent"/>
          <Description>Expected content is missing. The empty value at ORDER[1].RXA[1].10[1].10[1](Name Type Code) is expected to be present.</Description>
          <Assertion>
            <Presence Path="9[1].3[1].10[1].10[1]"/>
          </Assertion>
        </Constraint>
        <Constraint ID="TCA-149" Target="9[1].3[1].1[1]">
          <Reference GeneratedBy="Test Case Authoring &amp; Management Tool(TCAMT)" ReferencePath="ORDER[1].RXA[1].1[1]" Source="DataInstanceTestCase" TestDataCategorization="Value-Profile Fixed"/>
          <Description>Expected content is missing. The empty value at ORDER[1].RXA[1].1[1](Give Sub-ID Counter) is expected to be present.</Description>
          <Assertion>
            <Presence Path="9[1].3[1].1[1]"/>
          </Assertion>
        </Constraint>
        <Constraint ID="TCA-150" Target="9[1].5[1].1[1].3[1].1[1]">
          <Reference GeneratedBy="Test Case Authoring &amp; Management Tool(TCAMT)" ReferencePath="ORDER[1].OBSERVATION[1].OBX[1].3[1].1[1]" Source="DataInstanceTestCase" TestDataCategorization="Value-Test Case Fixed"/>
          <Description>Expected content is missing. The empty value at ORDER[1].OBSERVATION[1].OBX[1].3[1].1[1](Identifier) is expected to be present.</Description>
          <Assertion>
            <Presence Path="9[1].5[1].1[1].3[1].1[1]"/>
          </Assertion>
        </Constraint>
        <Constraint ID="TCA-150" Target="9[1].5[1].1[1].3[1].1[1]">
          <Reference GeneratedBy="Test Case Authoring &amp; Management Tool(TCAMT)" ReferencePath="ORDER[1].OBSERVATION[1].OBX[1].3[1].1[1]" Source="DataInstanceTestCase" TestDataCategorization="Value-Test Case Fixed"/>
          <Description>Expected test case fixed content is missing. The value at ORDER[1].OBSERVATION[1].OBX[1].3[1].1[1](Identifier) does not match the expected value: '30963-3'.</Description>
          <Assertion>
            <PlainText IgnoreCase="false" Path="9[1].5[1].1[1].3[1].1[1]" Text="30963-3"/>
          </Assertion>
        </Constraint>
        <Constraint ID="TCA-151" Target="9[1].1[1].10[1].1[1]">
          <Reference GeneratedBy="Test Case Authoring &amp; Management Tool(TCAMT)" ReferencePath="ORDER[1].ORC[1].10[1].1[1]" Source="DataInstanceTestCase" TestDataCategorization="Presence-Content Indifferent"/>
          <Description>Expected content is missing. The empty value at ORDER[1].ORC[1].10[1].1[1](ID Number) is expected to be present.</Description>
          <Assertion>
            <Presence Path="9[1].1[1].10[1].1[1]"/>
          </Assertion>
        </Constraint>
        <Constraint ID="TCA-153" Target="9[1].1[1].12[1].1[1]">
          <Reference GeneratedBy="Test Case Authoring &amp; Management Tool(TCAMT)" ReferencePath="ORDER[1].ORC[1].12[1].1[1]" Source="DataInstanceTestCase" TestDataCategorization="Presence-Content Indifferent"/>
          <Description>Expected content is missing. The empty value at ORDER[1].ORC[1].12[1].1[1](ID Number) is expected to be present.</Description>
          <Assertion>
            <Presence Path="9[1].1[1].12[1].1[1]"/>
          </Assertion>
        </Constraint>
        <Constraint ID="TCA-154" Target="9[1].1[1].10[1].4[1]">
          <Reference GeneratedBy="Test Case Authoring &amp; Management Tool(TCAMT)" ReferencePath="ORDER[1].ORC[1].10[1].4[1]" Source="DataInstanceTestCase" TestDataCategorization="Presence-Content Indifferent"/>
          <Description>Expected content is missing. The empty value at ORDER[1].ORC[1].10[1].4[1](Second and Further Given Names or Initials Thereof) is expected to be present.</Description>
          <Assertion>
            <Presence Path="9[1].1[1].10[1].4[1]"/>
          </Assertion>
        </Constraint>
        <Constraint ID="TCA-155" Target="5[1].2[1].1[1].1[1]">
          <Reference GeneratedBy="Test Case Authoring &amp; Management Tool(TCAMT)" ReferencePath="NK1[1].2[1].1[1].1[1]" Source="DataInstanceTestCase" TestDataCategorization="Presence-Content Indifferent"/>
          <Description>Expected content is missing. The empty value at NK1[1].2[1].1[1].1[1](Surname) is expected to be present.</Description>
          <Assertion>
            <Presence Path="5[1].2[1].1[1].1[1]"/>
          </Assertion>
        </Constraint>
        <Constraint ID="TCA-156" Target="4[1].16[1]">
          <Reference GeneratedBy="Test Case Authoring &amp; Management Tool(TCAMT)" ReferencePath="PD1[1].16[1]" Source="DataInstanceTestCase" TestDataCategorization="Presence-Content Indifferent"/>
          <Description>Expected content is missing. The empty value at PD1[1].16[1](Immunization Registry Status) is expected to be present.</Description>
          <Assertion>
            <Presence Path="4[1].16[1]"/>
          </Assertion>
        </Constraint>
        <Constraint ID="TCA-157" Target="3[1].10[1].3[1]">
          <Reference GeneratedBy="Test Case Authoring &amp; Management Tool(TCAMT)" ReferencePath="PID[1].10[1].3[1]" Source="DataInstanceTestCase" TestDataCategorization="Value-Profile Fixed"/>
          <Description>Expected content is missing. The empty value at PID[1].10[1].3[1](Name of Coding System) is expected to be present.</Description>
          <Assertion>
            <Presence Path="3[1].10[1].3[1]"/>
          </Assertion>
        </Constraint>
        <Constraint ID="TCA-161" Target="9[1].5[2].1[1].3[1].3[1]">
          <Reference GeneratedBy="Test Case Authoring &amp; Management Tool(TCAMT)" ReferencePath="ORDER[1].OBSERVATION[2].OBX[1].3[1].3[1]" Source="DataInstanceTestCase" TestDataCategorization="Value-Profile Fixed"/>
          <Description>Expected content is missing. The empty value at ORDER[1].OBSERVATION[2].OBX[1].3[1].3[1](Name of Coding System) is expected to be present.</Description>
          <Assertion>
            <Presence Path="9[1].5[2].1[1].3[1].3[1]"/>
          </Assertion>
        </Constraint>
        <Constraint ID="TCA-162" Target="9[1].3[1].16[1].1[1]">
          <Reference GeneratedBy="Test Case Authoring &amp; Management Tool(TCAMT)" ReferencePath="ORDER[1].RXA[1].16[1].1[1]" Source="DataInstanceTestCase" TestDataCategorization="Presence-Content Indifferent"/>
          <Description>Expected content is missing. The empty value at ORDER[1].RXA[1].16[1].1[1](Time) is expected to be present.</Description>
          <Assertion>
            <Presence Path="9[1].3[1].16[1].1[1]"/>
          </Assertion>
        </Constraint>
        <Constraint ID="TCA-164" Target="3[1].11[1].3[1]">
          <Reference GeneratedBy="Test Case Authoring &amp; Management Tool(TCAMT)" ReferencePath="PID[1].11[1].3[1]" Source="DataInstanceTestCase" TestDataCategorization="Presence-Content Indifferent"/>
          <Description>Expected content is missing. The empty value at PID[1].11[1].3[1](City) is expected to be present.</Description>
          <Assertion>
            <Presence Path="3[1].11[1].3[1]"/>
          </Assertion>
        </Constraint>
        <Constraint ID="TCA-165" Target="9[1].5[2].1[1].5[1]">
          <Reference GeneratedBy="Test Case Authoring &amp; Management Tool(TCAMT)" ReferencePath="ORDER[1].OBSERVATION[2].OBX[1].5[1]" Source="DataInstanceTestCase" TestDataCategorization="Presence-Content Indifferent"/>
          <Description>Expected content is missing. The empty value at ORDER[1].OBSERVATION[2].OBX[1].5[1](Observation Value) is expected to be present.</Description>
          <Assertion>
            <Presence Path="9[1].5[2].1[1].5[1]"/>
          </Assertion>
        </Constraint>
        <Constraint ID="TCA-166" Target="5[1].1[1]">
          <Reference GeneratedBy="Test Case Authoring &amp; Management Tool(TCAMT)" ReferencePath="NK1[1].1[1]" Source="DataInstanceTestCase" TestDataCategorization="Value-Profile Fixed"/>
          <Description>Expected content is missing. The empty value at NK1[1].1[1](Set ID - NK1) is expected to be present.</Description>
          <Assertion>
            <Presence Path="5[1].1[1]"/>
          </Assertion>
        </Constraint>
        <Constraint ID="TCA-167" Target="3[1].13[1].7[1]">
          <Reference GeneratedBy="Test Case Authoring &amp; Management Tool(TCAMT)" ReferencePath="PID[1].13[1].7[1]" Source="DataInstanceTestCase" TestDataCategorization="Presence-Content Indifferent"/>
          <Description>Expected content is missing. The empty value at PID[1].13[1].7[1](Local Number) is expected to be present.</Description>
          <Assertion>
            <Presence Path="3[1].13[1].7[1]"/>
          </Assertion>
        </Constraint>
        <Constraint ID="TCA-168" Target="9[1].1[1].12[1].9[1].1[1]">
          <Reference GeneratedBy="Test Case Authoring &amp; Management Tool(TCAMT)" ReferencePath="ORDER[1].ORC[1].12[1].9[1].1[1]" Source="DataInstanceTestCase" TestDataCategorization="Presence-Content Indifferent"/>
          <Description>Expected content is missing. The empty value at ORDER[1].ORC[1].12[1].9[1].1[1](Namespace ID) is expected to be present.</Description>
          <Assertion>
            <Presence Path="9[1].1[1].12[1].9[1].1[1]"/>
          </Assertion>
        </Constraint>
        <Constraint ID="TCA-169" Target="9[1].5[2].1[1].1[1]">
          <Reference GeneratedBy="Test Case Authoring &amp; Management Tool(TCAMT)" ReferencePath="ORDER[1].OBSERVATION[2].OBX[1].1[1]" Source="DataInstanceTestCase" TestDataCategorization="Value-Profile Fixed"/>
          <Description>Expected content is missing. The empty value at ORDER[1].OBSERVATION[2].OBX[1].1[1](Set ID - OBX) is expected to be present.</Description>
          <Assertion>
            <Presence Path="9[1].5[2].1[1].1[1]"/>
          </Assertion>
        </Constraint>
        <Constraint ID="TCA-170" Target="1[1].21[1].2[1]">
          <Reference GeneratedBy="Test Case Authoring &amp; Management Tool(TCAMT)" ReferencePath="MSH[1].21[1].2[1]" Source="DataInstanceTestCase" TestDataCategorization="Value-Test Case Fixed"/>
          <Description>Expected content is missing. The empty value at MSH[1].21[1].2[1](Namespace ID) is expected to be present.</Description>
          <Assertion>
            <Presence Path="1[1].21[1].2[1]"/>
          </Assertion>
        </Constraint>
        <Constraint ID="TCA-170" Target="1[1].21[1].2[1]">
          <Reference GeneratedBy="Test Case Authoring &amp; Management Tool(TCAMT)" ReferencePath="MSH[1].21[1].2[1]" Source="DataInstanceTestCase" TestDataCategorization="Value-Test Case Fixed"/>
          <Description>Expected test case fixed content is missing. The value at MSH[1].21[1].2[1](Namespace ID) does not match the expected value: 'CDCPHINVS'.</Description>
          <Assertion>
            <PlainText IgnoreCase="false" Path="1[1].21[1].2[1]" Text="CDCPHINVS"/>
          </Assertion>
        </Constraint>
        <Constraint ID="TCA-171" Target="9[1].4[1].1[1].2[1]">
          <Reference GeneratedBy="Test Case Authoring &amp; Management Tool(TCAMT)" ReferencePath="ORDER[1].RXR[1].1[1].2[1]" Source="DataInstanceTestCase" TestDataCategorization="Presence-Content Indifferent"/>
          <Description>Expected content is missing. The empty value at ORDER[1].RXR[1].1[1].2[1](Text) is expected to be present.</Description>
          <Assertion>
            <Presence Path="9[1].4[1].1[1].2[1]"/>
          </Assertion>
        </Constraint>
      </ByName>
    </Group>
  </Constraints>
</ConformanceContext>
