{
"version" : "1.8.2",
"profile" : "MessageContent",
"tables":
[
		{
			"title":"MSH : Message Header",
			"elements" : 
			[
				{"location" : "MSH.1", "dataelement" : "Field Separator", "data" : "|", "categorization"
: "Value-Profile Fixed"},
				{"location" : "MSH.2", "dataelement" : "Encoding Characters", "data" : "^~\&amp;",
"categorization" : "Value-Profile Fixed"},
				{"location" : "MSH.3", "dataelement" : "Sending Application", "data" : "", "categorization"
: ""},
							{"location" : "MSH.3.1", "dataelement" : "Namespace ID", "data" : "wcApp",
"categorization" : "Presence-Content Indifferent"},
							{"location" : "MSH.3.2", "dataelement" : "Universal ID", "data" : "", "categorization"
: "Indifferent"},
							{"location" : "MSH.3.3", "dataelement" : "Universal ID Type", "data" : "",
"categorization" : "Indifferent"},
				{"location" : "MSH.4", "dataelement" : "Sending Facility", "data" : "", "categorization"
: ""},
							{"location" : "MSH.4.1", "dataelement" : "Namespace ID", "data" : "wcEHR",
"categorization" : "Presence-Content Indifferent"},
							{"location" : "MSH.4.2", "dataelement" : "Universal ID", "data" : "", "categorization"
: "Indifferent"},
							{"location" : "MSH.4.3", "dataelement" : "Universal ID Type", "data" : "",
"categorization" : "Indifferent"},
				{"location" : "MSH.5", "dataelement" : "Receiving Application", "data" : "", "categorization"
: ""},
							{"location" : "MSH.5.1", "dataelement" : "Namespace ID", "data" : "iisApp",
"categorization" : "Presence-Content Indifferent"},
							{"location" : "MSH.5.2", "dataelement" : "Universal ID", "data" : "", "categorization"
: "Indifferent"},
							{"location" : "MSH.5.3", "dataelement" : "Universal ID Type", "data" : "",
"categorization" : "Indifferent"},
				{"location" : "MSH.6", "dataelement" : "Receiving Facility", "data" : "", "categorization"
: ""},
							{"location" : "MSH.6.1", "dataelement" : "Namespace ID", "data" : "IIS", "categorization"
: "Presence-Content Indifferent"},
							{"location" : "MSH.6.2", "dataelement" : "Universal ID", "data" : "", "categorization"
: "Indifferent"},
							{"location" : "MSH.6.3", "dataelement" : "Universal ID Type", "data" : "",
"categorization" : "Indifferent"},
				{"location" : "MSH.7", "dataelement" : "Date/Time Of Message", "data" : "", "categorization"
: ""},
							{"location" : "MSH.7.1", "dataelement" : "Time", "data" : "20150624093847.808-0500",
"categorization" : "Presence-System Generated"},
				{"location" : "MSH.9", "dataelement" : "Message Type", "data" : "", "categorization"
: ""},
							{"location" : "MSH.9.1", "dataelement" : "Message Code", "data" : "VXU", "categorization"
: "Value-Profile Fixed"},
							{"location" : "MSH.9.2", "dataelement" : "Trigger Event", "data" : "V04", "categorization"
: "Value-Profile Fixed"},
							{"location" : "MSH.9.3", "dataelement" : "Message Structure", "data" : "VXU_V04",
"categorization" : "Value-Profile Fixed"},
				{"location" : "MSH.10", "dataelement" : "Message Control ID", "data" : "18019",
"categorization" : "Presence-System Generated"},
				{"location" : "MSH.11", "dataelement" : "Processing ID", "data" : "", "categorization"
: ""},
							{"location" : "MSH.11.1", "dataelement" : "Processing ID", "data" : "P", "categorization"
: "Presence-Content Indifferent"},
				{"location" : "MSH.12", "dataelement" : "Version ID", "data" : "", "categorization"
: ""},
							{"location" : "MSH.12.1", "dataelement" : "Version ID", "data" : "2.5.1", "categorization"
: "Value-Profile Fixed"},
				{"location" : "MSH.15", "dataelement" : "Accept Acknowledgment Type", "data" :
"ER", "categorization" : "Value-Profile Fixed"},
				{"location" : "MSH.16", "dataelement" : "Application Acknowledgment Type", "data"
: "AL", "categorization" : "Value-Profile Fixed"},
				{"location" : "MSH.21", "dataelement" : "Message Profile Identifier", "data" :
"", "categorization" : ""},
							{"location" : "MSH.21.1", "dataelement" : "Entity Identifier", "data" : "Z22",
"categorization" : "Value-Test Case Fixed"},
							{"location" : "MSH.21.2", "dataelement" : "Namespace ID", "data" : "CDCPHINVS",
"categorization" : "Value-Test Case Fixed"},
							{"location" : "MSH.21.3", "dataelement" : "Universal ID", "data" : "", "categorization"
: "Indifferent"},
							{"location" : "MSH.21.4", "dataelement" : "Universal ID Type", "data" : "",
"categorization" : "Indifferent"},
				{"location" : "MSH.22", "dataelement" : "Sending Responsible Organization", "data"
: "", "categorization" : ""},
							{"location" : "MSH.22.1", "dataelement" : "Organization Name", "data" : "wcEHR",
"categorization" : "Presence-Content Indifferent"},
							{"location" : "MSH.22.6", "dataelement" : "Assigning Authority", "data" : "",
"categorization" : ""},
									{"location" : "MSH.22.6.1", "dataelement" : "Namespace ID", "data" : "",
"categorization" : "Indifferent"},
									{"location" : "MSH.22.6.2", "dataelement" : "Universal ID", "data" : "",
"categorization" : "Indifferent"},
									{"location" : "MSH.22.6.3", "dataelement" : "Universal ID Type", "data" :
"", "categorization" : "Indifferent"},
							{"location" : "MSH.22.7", "dataelement" : "Identifier Type Code", "data" :
"", "categorization" : "Indifferent"},
							{"location" : "MSH.22.10", "dataelement" : "Organization Identifier", "data"
: "", "categorization" : "Indifferent"},
				{"location" : "MSH.23", "dataelement" : "Receiving Responsible Organization",
"data" : "", "categorization" : ""},
							{"location" : "MSH.23.1", "dataelement" : "Organization Name", "data" : "IIS",
"categorization" : "Presence-Content Indifferent"},
							{"location" : "MSH.23.6", "dataelement" : "Assigning Authority", "data" : "",
"categorization" : ""},
									{"location" : "MSH.23.6.1", "dataelement" : "Namespace ID", "data" : "",
"categorization" : "Indifferent"},
									{"location" : "MSH.23.6.2", "dataelement" : "Universal ID", "data" : "",
"categorization" : "Indifferent"},
									{"location" : "MSH.23.6.3", "dataelement" : "Universal ID Type", "data" :
"", "categorization" : "Indifferent"},
							{"location" : "MSH.23.7", "dataelement" : "Identifier Type Code", "data" :
"", "categorization" : "Indifferent"},
							{"location" : "MSH.23.10", "dataelement" : "Organization Identifier", "data"
: "", "categorization" : "Indifferent"},		]
		{
			"title":"PID : Patient Identification",
			"elements" : 
			[
				{"location" : "PID.1", "dataelement" : "Set ID - PID", "data" : "1", "categorization"
: "Value-Profile Fixed"},
				{"location" : "PID.3", "dataelement" : "Patient Identifier List", "data" : "",
"categorization" : ""},
							{"location" : "PID.3.1", "dataelement" : "ID Number", "data" : "8891", "categorization"
: "Presence-Content Indifferent"},
							{"location" : "PID.3.3", "dataelement" : "Check Digit Scheme", "data" : "",
"categorization" : "Indifferent"},
							{"location" : "PID.3.4", "dataelement" : "Assigning Authority", "data" : "",
"categorization" : ""},
									{"location" : "PID.3.4.1", "dataelement" : "Namespace ID", "data" : "wcEHR",
"categorization" : "Presence-Content Indifferent"},
									{"location" : "PID.3.4.2", "dataelement" : "Universal ID", "data" : "", "categorization"
: "Indifferent"},
									{"location" : "PID.3.4.3", "dataelement" : "Universal ID Type", "data" :
"", "categorization" : "Indifferent"},
							{"location" : "PID.3.5", "dataelement" : "Identifier Type Code", "data" : "MR",
"categorization" : "Presence-Content Indifferent"},
				{"location" : "PID.5", "dataelement" : "Patient Name", "data" : "", "categorization"
: ""},
							{"location" : "PID.5.1", "dataelement" : "Family Name", "data" : "", "categorization"
: ""},
									{"location" : "PID.5.1.1", "dataelement" : "Surname", "data" : "Banks", "categorization"
: "Presence-Content Indifferent"},
									{"location" : "PID.5.1.2", "dataelement" : "Own Surname Prefix", "data" :
"", "categorization" : ""},
									{"location" : "PID.5.1.3", "dataelement" : "Own Surname", "data" : "", "categorization"
: ""},
									{"location" : "PID.5.1.4", "dataelement" : "Surname Prefix From Partner/Spouse",
"data" : "", "categorization" : ""},
									{"location" : "PID.5.1.5", "dataelement" : "Surname From Partner/Spouse",
"data" : "", "categorization" : ""},
							{"location" : "PID.5.2", "dataelement" : "Given Name", "data" : "Tyler", "categorization"
: "Presence-Content Indifferent"},
							{"location" : "PID.5.3", "dataelement" : "Second and Further Given Names or
Initials Thereof", "data" : "Owen", "categorization" : "Presence-Content Indifferent"},
							{"location" : "PID.5.7", "dataelement" : "Name Type Code", "data" : "L", "categorization"
: "Presence-Content Indifferent"},
				{"location" : "PID.6", "dataelement" : "Mother's Maiden Name", "data" : "", "categorization"
: ""},
							{"location" : "PID.6.1", "dataelement" : "Family Name", "data" : "", "categorization"
: ""},
									{"location" : "PID.6.1.1", "dataelement" : "Surname", "data" : "", "categorization"
: "Indifferent"},
									{"location" : "PID.6.1.2", "dataelement" : "Own Surname Prefix", "data" :
"", "categorization" : ""},
									{"location" : "PID.6.1.3", "dataelement" : "Own Surname", "data" : "", "categorization"
: ""},
									{"location" : "PID.6.1.4", "dataelement" : "Surname Prefix From Partner/Spouse",
"data" : "", "categorization" : ""},
									{"location" : "PID.6.1.5", "dataelement" : "Surname From Partner/Spouse",
"data" : "", "categorization" : ""},
							{"location" : "PID.6.7", "dataelement" : "Name Type Code", "data" : "", "categorization"
: "Indifferent"},
				{"location" : "PID.7", "dataelement" : "Date/Time of Birth", "data" : "", "categorization"
: ""},
							{"location" : "PID.7.1", "dataelement" : "Time", "data" : "20140602", "categorization"
: "Presence-Content Indifferent"},
				{"location" : "PID.8", "dataelement" : "Administrative Sex", "data" : "M", "categorization"
: "Presence-Content Indifferent"},
				{"location" : "PID.10", "dataelement" : "Race", "data" : "", "categorization"
: ""},
							{"location" : "PID.10.1", "dataelement" : "Identifier", "data" : "2106-3",
"categorization" : "Presence-Content Indifferent"},
							{"location" : "PID.10.2", "dataelement" : "Text", "data" : "White", "categorization"
: "Presence-Content Indifferent"},
							{"location" : "PID.10.3", "dataelement" : "Name of Coding System", "data" :
"CDCREC", "categorization" : "Value-Profile Fixed"},
							{"location" : "PID.10.5", "dataelement" : "Alternate Text", "data" : "", "categorization"
: "Indifferent"},
							{"location" : "PID.10.6", "dataelement" : "Name of Alternate Coding System",
"data" : "", "categorization" : "Indifferent"},
				{"location" : "PID.11", "dataelement" : "Patient Address", "data" : "", "categorization"
: ""},
							{"location" : "PID.11.1", "dataelement" : "Street Address", "data" : "", "categorization"
: ""},
									{"location" : "PID.11.1.1", "dataelement" : "Street or Mailing Address",
"data" : "924 Sycamore Lane", "categorization" : "Presence-Content Indifferent"},
									{"location" : "PID.11.1.2", "dataelement" : "Street Name", "data" : "", "categorization"
: ""},
									{"location" : "PID.11.1.3", "dataelement" : "Dwelling Number", "data" : "",
"categorization" : ""},
							{"location" : "PID.11.2", "dataelement" : "Other Designation", "data" : "",
"categorization" : "Indifferent"},
							{"location" : "PID.11.3", "dataelement" : "City", "data" : "Bozeman", "categorization"
: "Presence-Content Indifferent"},
							{"location" : "PID.11.4", "dataelement" : "State or Province", "data" : "MT",
"categorization" : "Presence-Content Indifferent"},
							{"location" : "PID.11.5", "dataelement" : "Zip or Postal Code", "data" : "59715",
"categorization" : "Presence-Content Indifferent"},
							{"location" : "PID.11.6", "dataelement" : "Country", "data" : "USA", "categorization"
: "Presence-Content Indifferent"},
							{"location" : "PID.11.7", "dataelement" : "Address Type", "data" : "P", "categorization"
: "Presence-Content Indifferent"},
				{"location" : "PID.13", "dataelement" : "Phone Number - Home", "data" : "", "categorization"
: ""},
							{"location" : "PID.13.2", "dataelement" : "Telecommunication Use Code", "data"
: "PRN", "categorization" : "Presence-Content Indifferent"},
							{"location" : "PID.13.3", "dataelement" : "Telecommunication Equipment Type",
"data" : "PH", "categorization" : "Value-Test Case Fixed"},
							{"location" : "PID.13.4", "dataelement" : "Email Address", "data" : "", "categorization"
: "NonPresence"},
							{"location" : "PID.13.6", "dataelement" : "Area/City Code", "data" : "406",
"categorization" : "Presence-Content Indifferent"},
							{"location" : "PID.13.7", "dataelement" : "Local Number", "data" : "5555835",
"categorization" : "Presence-Content Indifferent"},
				{"location" : "PID.22", "dataelement" : "Ethnic Group", "data" : "", "categorization"
: ""},
							{"location" : "PID.22.1", "dataelement" : "Identifier", "data" : "2186-5",
"categorization" : "Presence-Content Indifferent"},
							{"location" : "PID.22.2", "dataelement" : "Text", "data" : "Not Hispanic or
Latino", "categorization" : "Presence-Content Indifferent"},
							{"location" : "PID.22.3", "dataelement" : "Name of Coding System", "data" :
"CDCREC", "categorization" : "Value-Profile Fixed"},
							{"location" : "PID.22.5", "dataelement" : "Alternate Text", "data" : "", "categorization"
: "Indifferent"},
							{"location" : "PID.22.6", "dataelement" : "Name of Alternate Coding System",
"data" : "", "categorization" : "Indifferent"},
				{"location" : "PID.24", "dataelement" : "Multiple Birth Indicator", "data" : "Y",
"categorization" : "Value-Test Case Fixed"},
				{"location" : "PID.25", "dataelement" : "Birth Order", "data" : "2", "categorization"
: "Value-Test Case Fixed"},
				{"location" : "PID.29", "dataelement" : "Patient Death Date and Time", "data"
: "", "categorization" : ""},
							{"location" : "PID.29.1", "dataelement" : "Time", "data" : "", "categorization"
: "Indifferent"},
				{"location" : "PID.30", "dataelement" : "Patient Death Indicator", "data" : "N",
"categorization" : "Presence-Content Indifferent"},		]
		{
			"title":"PD1 : Patient Additional Demographic",
			"elements" : 
			[
				{"location" : "PD1.11", "dataelement" : "Publicity Code", "data" : "", "categorization"
: ""},
							{"location" : "PD1.11.1", "dataelement" : "Identifier", "data" : "02", "categorization"
: "Presence-Content Indifferent"},
							{"location" : "PD1.11.2", "dataelement" : "Text", "data" : "Reminder/recall
- any method", "categorization" : "Presence-Content Indifferent"},
							{"location" : "PD1.11.3", "dataelement" : "Name of Coding System", "data" :
"HL70215", "categorization" : "Value-Profile Fixed"},
							{"location" : "PD1.11.5", "dataelement" : "Alternate Text", "data" : "", "categorization"
: "Indifferent"},
							{"location" : "PD1.11.6", "dataelement" : "Name of Alternate Coding System",
"data" : "", "categorization" : "Indifferent"},
				{"location" : "PD1.12", "dataelement" : "Protection Indicator", "data" : "Y",
"categorization" : "Value-Test Case Fixed"},
				{"location" : "PD1.13", "dataelement" : "Protection Indicator Effective Date",
"data" : "20150624", "categorization" : "Presence-Content Indifferent"},
				{"location" : "PD1.16", "dataelement" : "Immunization Registry Status", "data"
: "A", "categorization" : "Presence-Content Indifferent"},
				{"location" : "PD1.17", "dataelement" : "Immunization Registry Status Effective
Date", "data" : "20040602", "categorization" : "Presence-Content Indifferent"},
				{"location" : "PD1.18", "dataelement" : "Publicity Code Effective Date", "data"
: "20150624", "categorization" : "Presence-Content Indifferent"},		]
		{
			"title":"NK1 : Next of Kin / Associated Parties",
			"elements" : 
			[
				{"location" : "NK1.1", "dataelement" : "Set ID - NK1", "data" : "1", "categorization"
: "Value-Profile Fixed"},
				{"location" : "NK1.2", "dataelement" : "Name", "data" : "", "categorization" :
""},
							{"location" : "NK1.2.1", "dataelement" : "Family Name", "data" : "", "categorization"
: ""},
									{"location" : "NK1.2.1.1", "dataelement" : "Surname", "data" : "Banks", "categorization"
: "Presence-Content Indifferent"},
									{"location" : "NK1.2.1.2", "dataelement" : "Own Surname Prefix", "data" :
"", "categorization" : ""},
									{"location" : "NK1.2.1.3", "dataelement" : "Own Surname", "data" : "", "categorization"
: ""},
									{"location" : "NK1.2.1.4", "dataelement" : "Surname Prefix From Partner/Spouse",
"data" : "", "categorization" : ""},
									{"location" : "NK1.2.1.5", "dataelement" : "Surname From Partner/Spouse",
"data" : "", "categorization" : ""},
							{"location" : "NK1.2.2", "dataelement" : "Given Name", "data" : "Karl", "categorization"
: "Presence-Content Indifferent"},
							{"location" : "NK1.2.3", "dataelement" : "Second and Further Given Names or
Initials Thereof", "data" : "Leonard", "categorization" : "Presence-Content Indifferent"},
							{"location" : "NK1.2.7", "dataelement" : "Name Type Code", "data" : "L", "categorization"
: "Presence-Content Indifferent"},
				{"location" : "NK1.3", "dataelement" : "Relationship", "data" : "", "categorization"
: ""},
							{"location" : "NK1.3.1", "dataelement" : "Identifier", "data" : "FTH", "categorization"
: "Presence-Content Indifferent"},
							{"location" : "NK1.3.2", "dataelement" : "Text", "data" : "Father", "categorization"
: "Presence-Content Indifferent"},
							{"location" : "NK1.3.3", "dataelement" : "Name of Coding System", "data" :
"HL70063", "categorization" : "Value-Profile Fixed"},
							{"location" : "NK1.3.5", "dataelement" : "Alternate Text", "data" : "", "categorization"
: "Indifferent"},
							{"location" : "NK1.3.6", "dataelement" : "Name of Alternate Coding System",
"data" : "", "categorization" : "Indifferent"},
				{"location" : "NK1.4", "dataelement" : "Address", "data" : "", "categorization"
: ""},
							{"location" : "NK1.4.1", "dataelement" : "Street Address", "data" : "", "categorization"
: ""},
									{"location" : "NK1.4.1.1", "dataelement" : "Street or Mailing Address", "data"
: "924 Sycamore Lane", "categorization" : "Presence-Content Indifferent"},
									{"location" : "NK1.4.1.2", "dataelement" : "Street Name", "data" : "", "categorization"
: ""},
									{"location" : "NK1.4.1.3", "dataelement" : "Dwelling Number", "data" : "",
"categorization" : ""},
							{"location" : "NK1.4.2", "dataelement" : "Other Designation", "data" : "",
"categorization" : "Indifferent"},
							{"location" : "NK1.4.3", "dataelement" : "City", "data" : "Bozeman", "categorization"
: "Presence-Content Indifferent"},
							{"location" : "NK1.4.4", "dataelement" : "State or Province", "data" : "MT",
"categorization" : "Presence-Content Indifferent"},
							{"location" : "NK1.4.5", "dataelement" : "Zip or Postal Code", "data" : "59715",
"categorization" : "Presence-Content Indifferent"},
							{"location" : "NK1.4.6", "dataelement" : "Country", "data" : "USA", "categorization"
: "Presence-Content Indifferent"},
							{"location" : "NK1.4.7", "dataelement" : "Address Type", "data" : "P", "categorization"
: "Presence-Content Indifferent"},
				{"location" : "NK1.5", "dataelement" : "Phone Number", "data" : "", "categorization"
: ""},
							{"location" : "NK1.5.2", "dataelement" : "Telecommunication Use Code", "data"
: "PRN", "categorization" : "Presence-Content Indifferent"},
							{"location" : "NK1.5.3", "dataelement" : "Telecommunication Equipment Type",
"data" : "PH", "categorization" : "Value-Test Case Fixed"},
							{"location" : "NK1.5.4", "dataelement" : "Email Address", "data" : "", "categorization"
: "NonPresence"},
							{"location" : "NK1.5.6", "dataelement" : "Area/City Code", "data" : "406",
"categorization" : "Presence-Content Indifferent"},
							{"location" : "NK1.5.7", "dataelement" : "Local Number", "data" : "5555835",
"categorization" : "Presence-Content Indifferent"},		]
		{
			"title":"ORC : Common Order",
			"elements" : 
			[
				{"location" : "ORC.1", "dataelement" : "Order Control", "data" : "RE", "categorization"
: "Value-Profile Fixed"},
				{"location" : "ORC.2", "dataelement" : "Placer Order Number", "data" : "", "categorization"
: ""},
							{"location" : "ORC.2.1", "dataelement" : "Entity Identifier", "data" : "5027",
"categorization" : "Presence-Content Indifferent"},
							{"location" : "ORC.2.2", "dataelement" : "Namespace ID", "data" : "wcEHR",
"categorization" : "Presence-Content Indifferent"},
							{"location" : "ORC.2.3", "dataelement" : "Universal ID", "data" : "", "categorization"
: "Indifferent"},
							{"location" : "ORC.2.4", "dataelement" : "Universal ID Type", "data" : "",
"categorization" : "Indifferent"},
				{"location" : "ORC.3", "dataelement" : "Filler Order Number", "data" : "", "categorization"
: ""},
							{"location" : "ORC.3.1", "dataelement" : "Entity Identifier", "data" : "12128",
"categorization" : "Presence-Content Indifferent"},
							{"location" : "ORC.3.2", "dataelement" : "Namespace ID", "data" : "wcEHR",
"categorization" : "Presence-Content Indifferent"},
							{"location" : "ORC.3.3", "dataelement" : "Universal ID", "data" : "", "categorization"
: "Indifferent"},
							{"location" : "ORC.3.4", "dataelement" : "Universal ID Type", "data" : "",
"categorization" : "Indifferent"},
				{"location" : "ORC.10", "dataelement" : "Entered By", "data" : "", "categorization"
: ""},
							{"location" : "ORC.10.1", "dataelement" : "ID Number", "data" : "7824", "categorization"
: "Presence-Content Indifferent"},
							{"location" : "ORC.10.2", "dataelement" : "Family Name", "data" : "", "categorization"
: ""},
									{"location" : "ORC.10.2.1", "dataelement" : "Surname", "data" : "Jackson",
"categorization" : "Presence-Content Indifferent"},
									{"location" : "ORC.10.2.2", "dataelement" : "Own Surname Prefix", "data"
: "", "categorization" : ""},
									{"location" : "ORC.10.2.3", "dataelement" : "Own Surname", "data" : "", "categorization"
: ""},
									{"location" : "ORC.10.2.4", "dataelement" : "Surname Prefix From Partner/Spouse",
"data" : "", "categorization" : ""},
									{"location" : "ORC.10.2.5", "dataelement" : "Surname From Partner/Spouse",
"data" : "", "categorization" : ""},
							{"location" : "ORC.10.3", "dataelement" : "Given Name", "data" : "Lily", "categorization"
: "Presence-Content Indifferent"},
							{"location" : "ORC.10.4", "dataelement" : "Second and Further Given Names or
Initials Thereof", "data" : "Suzanne", "categorization" : "Presence-Content Indifferent"},
							{"location" : "ORC.10.9", "dataelement" : "Assigning Authority", "data" : "",
"categorization" : ""},
									{"location" : "ORC.10.9.1", "dataelement" : "Namespace ID", "data" : "wcEHR",
"categorization" : "Presence-Content Indifferent"},
									{"location" : "ORC.10.9.2", "dataelement" : "Universal ID", "data" : "",
"categorization" : ""},
									{"location" : "ORC.10.9.3", "dataelement" : "Universal ID Type", "data" :
"", "categorization" : ""},
							{"location" : "ORC.10.10", "dataelement" : "Name Type Code", "data" : "L",
"categorization" : "Presence-Content Indifferent"},
							{"location" : "ORC.10.12", "dataelement" : "Check Digit Scheme", "data" : "",
"categorization" : "Indifferent"},
							{"location" : "ORC.10.13", "dataelement" : "Identifier Type Code", "data" :
"PRN", "categorization" : "Presence-Content Indifferent"},
				{"location" : "ORC.12", "dataelement" : "Ordering Provider", "data" : "", "categorization"
: ""},
							{"location" : "ORC.12.1", "dataelement" : "ID Number", "data" : "654", "categorization"
: "Presence-Content Indifferent"},
							{"location" : "ORC.12.2", "dataelement" : "Family Name", "data" : "", "categorization"
: ""},
									{"location" : "ORC.12.2.1", "dataelement" : "Surname", "data" : "Thomas",
"categorization" : "Presence-Content Indifferent"},
									{"location" : "ORC.12.2.2", "dataelement" : "Own Surname Prefix", "data"
: "", "categorization" : ""},
									{"location" : "ORC.12.2.3", "dataelement" : "Own Surname", "data" : "", "categorization"
: ""},
									{"location" : "ORC.12.2.4", "dataelement" : "Surname Prefix From Partner/Spouse",
"data" : "", "categorization" : ""},
									{"location" : "ORC.12.2.5", "dataelement" : "Surname From Partner/Spouse",
"data" : "", "categorization" : ""},
							{"location" : "ORC.12.3", "dataelement" : "Given Name", "data" : "Wilma", "categorization"
: "Presence-Content Indifferent"},
							{"location" : "ORC.12.4", "dataelement" : "Second and Further Given Names or
Initials Thereof", "data" : "Elizabeth", "categorization" : "Presence-Content Indifferent"},
							{"location" : "ORC.12.9", "dataelement" : "Assigning Authority", "data" : "",
"categorization" : ""},
									{"location" : "ORC.12.9.1", "dataelement" : "Namespace ID", "data" : "wcEHR",
"categorization" : "Presence-Content Indifferent"},
									{"location" : "ORC.12.9.2", "dataelement" : "Universal ID", "data" : "",
"categorization" : ""},
									{"location" : "ORC.12.9.3", "dataelement" : "Universal ID Type", "data" :
"", "categorization" : ""},
							{"location" : "ORC.12.10", "dataelement" : "Name Type Code", "data" : "L",
"categorization" : "Presence-Content Indifferent"},
							{"location" : "ORC.12.12", "dataelement" : "Check Digit Scheme", "data" : "",
"categorization" : "Indifferent"},
							{"location" : "ORC.12.13", "dataelement" : "Identifier Type Code", "data" :
"MD", "categorization" : "Presence-Content Indifferent"},
				{"location" : "ORC.17", "dataelement" : "Entering Organization", "data" : "",
"categorization" : ""},
							{"location" : "ORC.17.1", "dataelement" : "Identifier", "data" : "wcEHR", "categorization"
: "Presence-Content Indifferent"},
							{"location" : "ORC.17.2", "dataelement" : "Text", "data" : "West Clinic", "categorization"
: "Presence-Content Indifferent"},
							{"location" : "ORC.17.3", "dataelement" : "Name of Coding System", "data" :
"HL70362", "categorization" : "Value-Profile Fixed"},
							{"location" : "ORC.17.5", "dataelement" : "Alternate Text", "data" : "", "categorization"
: "Indifferent"},
							{"location" : "ORC.17.6", "dataelement" : "Name of Alternate Coding System",
"data" : "", "categorization" : "Indifferent"},		]
		{
			"title":"RXA : Pharmacy/Treatment Administration",
			"elements" : 
			[
				{"location" : "RXA.1", "dataelement" : "Give Sub-ID Counter", "data" : "0", "categorization"
: "Value-Profile Fixed"},
				{"location" : "RXA.2", "dataelement" : "Administration Sub-ID Counter", "data"
: "1", "categorization" : "Value-Profile Fixed"},
				{"location" : "RXA.3", "dataelement" : "Date/Time Start of Administration", "data"
: "", "categorization" : ""},
							{"location" : "RXA.3.1", "dataelement" : "Time", "data" : "20150624", "categorization"
: "Presence-Content Indifferent"},
				{"location" : "RXA.5", "dataelement" : "Administered Code", "data" : "", "categorization"
: ""},
							{"location" : "RXA.5.1", "dataelement" : "Identifier", "data" : "00006-4095-01",
"categorization" : "Value-Test Case Fixed"},
							{"location" : "RXA.5.2", "dataelement" : "Text", "data" : "VAQTA", "categorization"
: "Presence-Content Indifferent"},
							{"location" : "RXA.5.3", "dataelement" : "Name of Coding System", "data" :
"NDC", "categorization" : "Value-Test Case Fixed"},
							{"location" : "RXA.5.5", "dataelement" : "Alternate Text", "data" : "", "categorization"
: "Indifferent"},
							{"location" : "RXA.5.6", "dataelement" : "Name of Alternate Coding System",
"data" : "", "categorization" : "Indifferent"},
				{"location" : "RXA.6", "dataelement" : "Administered Amount", "data" : "0.5",
"categorization" : "Value-Test Case Fixed"},
				{"location" : "RXA.7", "dataelement" : "Administered Units", "data" : "", "categorization"
: ""},
							{"location" : "RXA.7.1", "dataelement" : "Identifier", "data" : "mL", "categorization"
: "Value-Test Case Fixed"},
							{"location" : "RXA.7.2", "dataelement" : "Text", "data" : "mL", "categorization"
: "Presence-Content Indifferent"},
							{"location" : "RXA.7.3", "dataelement" : "Name of Coding System", "data" :
"UCUM", "categorization" : "Value-Test Case Fixed"},
							{"location" : "RXA.7.5", "dataelement" : "Alternate Text", "data" : "", "categorization"
: "Indifferent"},
							{"location" : "RXA.7.6", "dataelement" : "Name of Alternate Coding System",
"data" : "", "categorization" : "Indifferent"},
				{"location" : "RXA.9", "dataelement" : "Administration Notes", "data" : "", "categorization"
: ""},
							{"location" : "RXA.9.1", "dataelement" : "Identifier", "data" : "00", "categorization"
: "Value-Test Case Fixed"},
							{"location" : "RXA.9.2", "dataelement" : "Text", "data" : "New Record", "categorization"
: "Presence-Content Indifferent"},
							{"location" : "RXA.9.3", "dataelement" : "Name of Coding System", "data" :
"NIP001", "categorization" : "Value-Profile Fixed"},
							{"location" : "RXA.9.5", "dataelement" : "Alternate Text", "data" : "", "categorization"
: "Indifferent"},
							{"location" : "RXA.9.6", "dataelement" : "Name of Alternate Coding System",
"data" : "", "categorization" : "Indifferent"},
				{"location" : "RXA.10", "dataelement" : "Administering Provider", "data" : "",
"categorization" : ""},
							{"location" : "RXA.10.1", "dataelement" : "ID Number", "data" : "7824", "categorization"
: "Presence-Content Indifferent"},
							{"location" : "RXA.10.2", "dataelement" : "Family Name", "data" : "", "categorization"
: ""},
									{"location" : "RXA.10.2.1", "dataelement" : "Surname", "data" : "Jackson",
"categorization" : "Presence-Content Indifferent"},
									{"location" : "RXA.10.2.2", "dataelement" : "Own Surname Prefix", "data"
: "", "categorization" : ""},
									{"location" : "RXA.10.2.3", "dataelement" : "Own Surname", "data" : "", "categorization"
: ""},
									{"location" : "RXA.10.2.4", "dataelement" : "Surname Prefix From Partner/Spouse",
"data" : "", "categorization" : ""},
									{"location" : "RXA.10.2.5", "dataelement" : "Surname From Partner/Spouse",
"data" : "", "categorization" : ""},
							{"location" : "RXA.10.3", "dataelement" : "Given Name", "data" : "Lily", "categorization"
: "Presence-Content Indifferent"},
							{"location" : "RXA.10.4", "dataelement" : "Second and Further Given Names or
Initials Thereof", "data" : "Suzanne", "categorization" : "Presence-Content Indifferent"},
							{"location" : "RXA.10.9", "dataelement" : "Assigning Authority", "data" : "",
"categorization" : ""},
									{"location" : "RXA.10.9.1", "dataelement" : "Namespace ID", "data" : "wcEHR",
"categorization" : "Presence-Content Indifferent"},
									{"location" : "RXA.10.9.2", "dataelement" : "Universal ID", "data" : "",
"categorization" : ""},
									{"location" : "RXA.10.9.3", "dataelement" : "Universal ID Type", "data" :
"", "categorization" : ""},
							{"location" : "RXA.10.10", "dataelement" : "Name Type Code", "data" : "L",
"categorization" : "Presence-Content Indifferent"},
							{"location" : "RXA.10.12", "dataelement" : "Check Digit Scheme", "data" : "",
"categorization" : "Indifferent"},
							{"location" : "RXA.10.13", "dataelement" : "Identifier Type Code", "data" :
"PRN", "categorization" : "Presence-Content Indifferent"},
				{"location" : "RXA.11", "dataelement" : "Administered-at Location", "data" : "",
"categorization" : ""},
							{"location" : "RXA.11.4", "dataelement" : "Facility", "data" : "", "categorization"
: ""},
									{"location" : "RXA.11.4.1", "dataelement" : "Namespace ID", "data" : "wcEHR",
"categorization" : "Presence-Content Indifferent"},
									{"location" : "RXA.11.4.2", "dataelement" : "Universal ID", "data" : "",
"categorization" : "Indifferent"},
									{"location" : "RXA.11.4.3", "dataelement" : "Universal ID Type", "data" :
"", "categorization" : "Indifferent"},
				{"location" : "RXA.15", "dataelement" : "Substance Lot Number", "data" : "208490",
"categorization" : "Presence-Content Indifferent"},
				{"location" : "RXA.16", "dataelement" : "Substance Expiration Date", "data" :
"", "categorization" : ""},
							{"location" : "RXA.16.1", "dataelement" : "Time", "data" : "20160120", "categorization"
: "Presence-Content Indifferent"},
				{"location" : "RXA.17", "dataelement" : "Substance Manufacturer Name", "data"
: "", "categorization" : ""},
							{"location" : "RXA.17.1", "dataelement" : "Identifier", "data" : "MSD", "categorization"
: "Presence-Content Indifferent"},
							{"location" : "RXA.17.2", "dataelement" : "Text", "data" : "Merck and Co.,
Inc.", "categorization" : "Presence-Content Indifferent"},
							{"location" : "RXA.17.3", "dataelement" : "Name of Coding System", "data" :
"MVX", "categorization" : "Value-Test Case Fixed"},
							{"location" : "RXA.17.5", "dataelement" : "Alternate Text", "data" : "", "categorization"
: "Indifferent"},
							{"location" : "RXA.17.6", "dataelement" : "Name of Alternate Coding System",
"data" : "", "categorization" : "Indifferent"},
				{"location" : "RXA.18", "dataelement" : "Substance/Treatment Refusal Reason",
"data" : "", "categorization" : ""},
							{"location" : "RXA.18.1", "dataelement" : "Identifier", "data" : "", "categorization"
: "Indifferent"},
							{"location" : "RXA.18.2", "dataelement" : "Text", "data" : "", "categorization"
: "Indifferent"},
							{"location" : "RXA.18.3", "dataelement" : "Name of Coding System", "data" :
"", "categorization" : "Indifferent"},
							{"location" : "RXA.18.5", "dataelement" : "Alternate Text", "data" : "", "categorization"
: "Indifferent"},
							{"location" : "RXA.18.6", "dataelement" : "Name of Alternate Coding System",
"data" : "", "categorization" : "Indifferent"},
				{"location" : "RXA.20", "dataelement" : "Completion Status", "data" : "CP", "categorization"
: "Value-Test Case Fixed"},
				{"location" : "RXA.21", "dataelement" : "Action Code - RXA", "data" : "U", "categorization"
: "Value-Test Case Fixed"},		]
		{
			"title":"RXR : Pharmacy/Treatment Route",
			"elements" : 
			[
				{"location" : "RXR.1", "dataelement" : "Route", "data" : "", "categorization"
: ""},
							{"location" : "RXR.1.1", "dataelement" : "Identifier", "data" : "C28161", "categorization"
: "Presence-Content Indifferent"},
							{"location" : "RXR.1.2", "dataelement" : "Text", "data" : "Intramuscular",
"categorization" : "Presence-Content Indifferent"},
							{"location" : "RXR.1.3", "dataelement" : "Name of Coding System", "data" :
"NCIT", "categorization" : "Value-Profile Fixed"},
							{"location" : "RXR.1.5", "dataelement" : "Alternate Text", "data" : "", "categorization"
: "Indifferent"},
							{"location" : "RXR.1.6", "dataelement" : "Name of Alternate Coding System",
"data" : "", "categorization" : "Indifferent"},
				{"location" : "RXR.2", "dataelement" : "Administration Site", "data" : "", "categorization"
: ""},
							{"location" : "RXR.2.1", "dataelement" : "Identifier", "data" : "RT", "categorization"
: "Presence-Content Indifferent"},
							{"location" : "RXR.2.2", "dataelement" : "Text", "data" : "Right Thigh", "categorization"
: "Presence-Content Indifferent"},
							{"location" : "RXR.2.3", "dataelement" : "Name of Coding System", "data" :
"HL70163", "categorization" : "Value-Profile Fixed"},
							{"location" : "RXR.2.5", "dataelement" : "Alternate Text", "data" : "", "categorization"
: "Indifferent"},
							{"location" : "RXR.2.6", "dataelement" : "Name of Alternate Coding System",
"data" : "", "categorization" : ""},		]
		{
			"title":"OBX[*]",

<accordion>		{
			"title":"OBX : Observation/Result",
			"elements" : 
			[
				{"location" : "OBX.1", "dataelement" : "Set ID - OBX", "data" : "1", "categorization"
: "Value-Profile Fixed"},
				{"location" : "OBX.2", "dataelement" : "Value Type", "data" : "CE", "categorization"
: "Value-Test Case Fixed"},
				{"location" : "OBX.3", "dataelement" : "Observation Identifier", "data" : "",
"categorization" : ""},
							{"location" : "OBX.3.1", "dataelement" : "Identifier", "data" : "30963-3",
"categorization" : "Value-Test Case Fixed"},
							{"location" : "OBX.3.2", "dataelement" : "Text", "data" : "Vaccine Funding
Source", "categorization" : "Presence-Content Indifferent"},
							{"location" : "OBX.3.3", "dataelement" : "Name of Coding System", "data" :
"LN", "categorization" : "Value-Profile Fixed"},
							{"location" : "OBX.3.5", "dataelement" : "Alternate Text", "data" : "", "categorization"
: "Indifferent"},
							{"location" : "OBX.3.6", "dataelement" : "Name of Alternate Coding System",
"data" : "", "categorization" : "Indifferent"},
				{"location" : "OBX.4", "dataelement" : "Observation Sub-ID", "data" : "1", "categorization"
: "Presence-Content Indifferent"},
				{"location" : "OBX.5", "dataelement" : "Observation Value", "data" : "", "categorization"
: ""},
				{"location" : "OBX.6", "dataelement" : "Units", "data" : "", "categorization"
: ""},
							{"location" : "OBX.6.1", "dataelement" : "Identifier", "data" : "", "categorization"
: "Indifferent"},
							{"location" : "OBX.6.2", "dataelement" : "Text", "data" : "", "categorization"
: "Indifferent"},
							{"location" : "OBX.6.3", "dataelement" : "Name of Coding System", "data" :
"", "categorization" : "Indifferent"},
							{"location" : "OBX.6.5", "dataelement" : "Alternate Text", "data" : "", "categorization"
: "Indifferent"},
							{"location" : "OBX.6.6", "dataelement" : "Name of Alternate Coding System",
"data" : "", "categorization" : "Indifferent"},
				{"location" : "OBX.11", "dataelement" : "Observation Result Status", "data" :
"F", "categorization" : "Value-Profile Fixed"},
				{"location" : "OBX.14", "dataelement" : "Date/Time of the Observation", "data"
: "", "categorization" : ""},
							{"location" : "OBX.14.1", "dataelement" : "Time", "data" : "20150624", "categorization"
: "Presence-System Generated"},
				{"location" : "OBX.17", "dataelement" : "Observation Method", "data" : "", "categorization"
: ""},
							{"location" : "OBX.17.1", "dataelement" : "Identifier", "data" : "", "categorization"
: "Indifferent"},
							{"location" : "OBX.17.2", "dataelement" : "Text", "data" : "", "categorization"
: "Indifferent"},
							{"location" : "OBX.17.3", "dataelement" : "Name of Coding System", "data" :
"", "categorization" : "Indifferent"},
							{"location" : "OBX.17.5", "dataelement" : "Alternate Text", "data" : "", "categorization"
: "Indifferent"},
							{"location" : "OBX.17.6", "dataelement" : "Name of Alternate Coding System",
"data" : "", "categorization" : "Indifferent"},		]
		{
			"title":"OBX : Observation/Result",
			"elements" : 
			[
				{"location" : "OBX.1", "dataelement" : "Set ID - OBX", "data" : "2", "categorization"
: "Value-Profile Fixed"},
				{"location" : "OBX.2", "dataelement" : "Value Type", "data" : "CE", "categorization"
: "Value-Test Case Fixed"},
				{"location" : "OBX.3", "dataelement" : "Observation Identifier", "data" : "",
"categorization" : ""},
							{"location" : "OBX.3.1", "dataelement" : "Identifier", "data" : "64994-7",
"categorization" : "Value-Test Case Fixed"},
							{"location" : "OBX.3.2", "dataelement" : "Text", "data" : "Vaccine Funding
Program Eligibility", "categorization" : "Presence-Content Indifferent"},
							{"location" : "OBX.3.3", "dataelement" : "Name of Coding System", "data" :
"LN", "categorization" : "Value-Profile Fixed"},
							{"location" : "OBX.3.5", "dataelement" : "Alternate Text", "data" : "", "categorization"
: "Indifferent"},
							{"location" : "OBX.3.6", "dataelement" : "Name of Alternate Coding System",
"data" : "", "categorization" : "Indifferent"},
				{"location" : "OBX.4", "dataelement" : "Observation Sub-ID", "data" : "2", "categorization"
: "Presence-Content Indifferent"},
				{"location" : "OBX.5", "dataelement" : "Observation Value", "data" : "", "categorization"
: ""},
				{"location" : "OBX.6", "dataelement" : "Units", "data" : "", "categorization"
: ""},
							{"location" : "OBX.6.1", "dataelement" : "Identifier", "data" : "", "categorization"
: "Indifferent"},
							{"location" : "OBX.6.2", "dataelement" : "Text", "data" : "", "categorization"
: "Indifferent"},
							{"location" : "OBX.6.3", "dataelement" : "Name of Coding System", "data" :
"", "categorization" : "Indifferent"},
							{"location" : "OBX.6.5", "dataelement" : "Alternate Text", "data" : "", "categorization"
: "Indifferent"},
							{"location" : "OBX.6.6", "dataelement" : "Name of Alternate Coding System",
"data" : "", "categorization" : "Indifferent"},
				{"location" : "OBX.11", "dataelement" : "Observation Result Status", "data" :
"F", "categorization" : "Value-Profile Fixed"},
				{"location" : "OBX.14", "dataelement" : "Date/Time of the Observation", "data"
: "", "categorization" : ""},
							{"location" : "OBX.14.1", "dataelement" : "Time", "data" : "20150624", "categorization"
: "Presence-System Generated"},
				{"location" : "OBX.17", "dataelement" : "Observation Method", "data" : "", "categorization"
: ""},
							{"location" : "OBX.17.1", "dataelement" : "Identifier", "data" : "VXC40", "categorization"
: "Value-Test Case Fixed"},
							{"location" : "OBX.17.2", "dataelement" : "Text", "data" : "per immunization",
"categorization" : "Presence-Content Indifferent"},
							{"location" : "OBX.17.3", "dataelement" : "Name of Coding System", "data" :
"CDCPHINVS", "categorization" : "Value-Profile Fixed"},
							{"location" : "OBX.17.5", "dataelement" : "Alternate Text", "data" : "", "categorization"
: "Indifferent"},
							{"location" : "OBX.17.6", "dataelement" : "Name of Alternate Coding System",
"data" : "", "categorization" : "Indifferent"},		]
		{
			"title":"OBX : Observation/Result",
			"elements" : 
			[
				{"location" : "OBX.1", "dataelement" : "Set ID - OBX", "data" : "3", "categorization"
: "Value-Profile Fixed"},
				{"location" : "OBX.2", "dataelement" : "Value Type", "data" : "CE", "categorization"
: "Value-Test Case Fixed"},
				{"location" : "OBX.3", "dataelement" : "Observation Identifier", "data" : "",
"categorization" : ""},
							{"location" : "OBX.3.1", "dataelement" : "Identifier", "data" : "69764-9",
"categorization" : "Value-Test Case Fixed"},
							{"location" : "OBX.3.2", "dataelement" : "Text", "data" : "Document Type",
"categorization" : "Presence-Content Indifferent"},
							{"location" : "OBX.3.3", "dataelement" : "Name of Coding System", "data" :
"LN", "categorization" : "Value-Profile Fixed"},
							{"location" : "OBX.3.5", "dataelement" : "Alternate Text", "data" : "", "categorization"
: "Indifferent"},
							{"location" : "OBX.3.6", "dataelement" : "Name of Alternate Coding System",
"data" : "", "categorization" : "Indifferent"},
				{"location" : "OBX.4", "dataelement" : "Observation Sub-ID", "data" : "3", "categorization"
: "Presence-Content Indifferent"},
				{"location" : "OBX.5", "dataelement" : "Observation Value", "data" : "", "categorization"
: ""},
				{"location" : "OBX.6", "dataelement" : "Units", "data" : "", "categorization"
: ""},
							{"location" : "OBX.6.1", "dataelement" : "Identifier", "data" : "", "categorization"
: "Indifferent"},
							{"location" : "OBX.6.2", "dataelement" : "Text", "data" : "", "categorization"
: "Indifferent"},
							{"location" : "OBX.6.3", "dataelement" : "Name of Coding System", "data" :
"", "categorization" : "Indifferent"},
							{"location" : "OBX.6.5", "dataelement" : "Alternate Text", "data" : "", "categorization"
: "Indifferent"},
							{"location" : "OBX.6.6", "dataelement" : "Name of Alternate Coding System",
"data" : "", "categorization" : "Indifferent"},
				{"location" : "OBX.11", "dataelement" : "Observation Result Status", "data" :
"F", "categorization" : "Value-Profile Fixed"},
				{"location" : "OBX.14", "dataelement" : "Date/Time of the Observation", "data"
: "", "categorization" : ""},
							{"location" : "OBX.14.1", "dataelement" : "Time", "data" : "20150624", "categorization"
: "Presence-System Generated"},
				{"location" : "OBX.17", "dataelement" : "Observation Method", "data" : "", "categorization"
: ""},
							{"location" : "OBX.17.1", "dataelement" : "Identifier", "data" : "", "categorization"
: "Indifferent"},
							{"location" : "OBX.17.2", "dataelement" : "Text", "data" : "", "categorization"
: "Indifferent"},
							{"location" : "OBX.17.3", "dataelement" : "Name of Coding System", "data" :
"", "categorization" : "Indifferent"},
							{"location" : "OBX.17.5", "dataelement" : "Alternate Text", "data" : "", "categorization"
: "Indifferent"},
							{"location" : "OBX.17.6", "dataelement" : "Name of Alternate Coding System",
"data" : "", "categorization" : "Indifferent"},		]
		{
			"title":"OBX : Observation/Result",
			"elements" : 
			[
				{"location" : "OBX.1", "dataelement" : "Set ID - OBX", "data" : "4", "categorization"
: "Value-Profile Fixed"},
				{"location" : "OBX.2", "dataelement" : "Value Type", "data" : "DT", "categorization"
: "Value-Test Case Fixed"},
				{"location" : "OBX.3", "dataelement" : "Observation Identifier", "data" : "",
"categorization" : ""},
							{"location" : "OBX.3.1", "dataelement" : "Identifier", "data" : "29769-7",
"categorization" : "Value-Test Case Fixed"},
							{"location" : "OBX.3.2", "dataelement" : "Text", "data" : "Date Vis Presented",
"categorization" : "Presence-Content Indifferent"},
							{"location" : "OBX.3.3", "dataelement" : "Name of Coding System", "data" :
"LN", "categorization" : "Value-Profile Fixed"},
							{"location" : "OBX.3.5", "dataelement" : "Alternate Text", "data" : "", "categorization"
: "Indifferent"},
							{"location" : "OBX.3.6", "dataelement" : "Name of Alternate Coding System",
"data" : "", "categorization" : "Indifferent"},
				{"location" : "OBX.4", "dataelement" : "Observation Sub-ID", "data" : "3", "categorization"
: "Presence-Content Indifferent"},
				{"location" : "OBX.5", "dataelement" : "Observation Value", "data" : "20150624",
"categorization" : "Presence-Content Indifferent"},
				{"location" : "OBX.6", "dataelement" : "Units", "data" : "", "categorization"
: ""},
							{"location" : "OBX.6.1", "dataelement" : "Identifier", "data" : "", "categorization"
: "Indifferent"},
							{"location" : "OBX.6.2", "dataelement" : "Text", "data" : "", "categorization"
: "Indifferent"},
							{"location" : "OBX.6.3", "dataelement" : "Name of Coding System", "data" :
"", "categorization" : "Indifferent"},
							{"location" : "OBX.6.5", "dataelement" : "Alternate Text", "data" : "", "categorization"
: "Indifferent"},
							{"location" : "OBX.6.6", "dataelement" : "Name of Alternate Coding System",
"data" : "", "categorization" : "Indifferent"},
				{"location" : "OBX.11", "dataelement" : "Observation Result Status", "data" :
"F", "categorization" : "Value-Profile Fixed"},
				{"location" : "OBX.14", "dataelement" : "Date/Time of the Observation", "data"
: "", "categorization" : ""},
							{"location" : "OBX.14.1", "dataelement" : "Time", "data" : "20150624", "categorization"
: "Presence-System Generated"},
				{"location" : "OBX.17", "dataelement" : "Observation Method", "data" : "", "categorization"
: ""},
							{"location" : "OBX.17.1", "dataelement" : "Identifier", "data" : "", "categorization"
: "Indifferent"},
							{"location" : "OBX.17.2", "dataelement" : "Text", "data" : "", "categorization"
: "Indifferent"},
							{"location" : "OBX.17.3", "dataelement" : "Name of Coding System", "data" :
"", "categorization" : "Indifferent"},
							{"location" : "OBX.17.5", "dataelement" : "Alternate Text", "data" : "", "categorization"
: "Indifferent"},
							{"location" : "OBX.17.6", "dataelement" : "Name of Alternate Coding System",
"data" : "", "categorization" : "Indifferent"},		]

</accordion>
		}
]
}