{
"version" : "2.9.7",
"profile" : "VXU_V04",
"tables":
[
		{
			"title":"Patient Information",
			"elements" : 
			[
				{"element" : "Patient Name", "data" : "Tyler Owen Banks"},
				{"element" : "Mother's Maiden Name", "data" : ""},
				{"element" : "ID Number", "data" : "8891 "},
				{"element" : "Date/Time of Birth", "data" : "06/02/2014"},
				{"element" : "Administrative Sex", "data" : "Male"},
				{"element" : "Patient Address ", "data" : "924 Sycamore Lane Bozeman MT 59715
USA "},
				{"element" : "Local Number", "data" : "(406)555-5835"},
				{"element" : "Race", "data" : "White"},
				{"element" : "Ethnic Group", "data" : "Not Hispanic or Latino"},
				{"element" : "Multiple Birth Indicator", "data" : "Y"},
				{"element" : "Birth Order", "data" : "2"}
			]
		},
		{
			"title":"Immunization Registry Information",
			"elements" : 
			[
				{"element" : "Immunization Registry Status", "data" : "A"},
				{"element" : "Immunization Registry Status Effective Date", "data" : "06/02/2004"},
				{"element" : "Publicity Code", "data" : "Reminder/recall - any method"},
				{"element" : "Publicity Code Effective Date", "data" : "06/24/2015"},
				{"element" : "Protection Indicator", "data" : "Yes"},
				{"element" : "Protection Indicator Effective Date", "data" : "06/24/2015"}
			]
		},
		{
			"title":"Guardian or Responsible Party",
			"elements" : 
			[
				{"element" : "Name", "data" : "Karl Leonard Banks"},
				{"element" : "Relationship", "data" : "Father"},
				{"element" : "Address", "data" : "924 Sycamore Lane Bozeman MT 59715 USA "},
				{"element" : "Phone Number", "data" : "(406)555-5835"},		]
		},
		{
			"title":"Vaccine Administration Information",
			"elements" : 
			[
				{"element" : "Administered Code", "data" : "VAQTA"},
				{"element" : "Date/Time Start of Administration", "data" : "06/24/2015"},
				{"element" : "Administered Amount", "data" : "0.5"},
				{"element" : "Administered Units", "data" : "mL"},
				{"element" : "Administration Notes", "data" : "New Record"},
				{"element" : "Administering Provider", "data" : "Lily Jackson"},
				{"element" : "Substance Lot Number", "data" : "208490"},
				{"element" : "Substance Expiration Date", "data" : "01/20/2016"},
				{"element" : "Substance Manufacturer Name", "data" : "Merck and Co., Inc."},
				{"element" : "Substance/Treatment Refusal Reason", "data" : ""},
				{"element" : "Completion Status", "data" : "CP"},
				{"element" : "Action Code", "data" : "Update"},
				{"element" : "Route", "data" : "Intramuscular"},
				{"element" : "Administration Site", "data" : "Right Thigh"},
				{"element" : "Entering Organization", "data" : "West Clinic"},
				{"element" : "Entered By", "data" : "Lily Jackson"},
				{"element" : "Ordered By", "data" : "Wilma Thomas"},
					{"element" : "obx", "data" : 
					{
						"title":"Observations",
						"elements" : 
						[
							{"element" : "Vaccine Funding Source", "data" : "Private"},
							{"element" : "", "data" : ""},
							{"element" : "Vaccine Funding Program Eligibility", "data" : "Not VFC Eligible"},
							{"element" : "", "data" : ""},
							{"element" : "Document Type", "data" : "Hepatitis A VIS"},
							{"element" : "Date Vis Presented", "data" : "06/24/2015"},
	
	]					}
					}
		]
					}
					}
		]

		}
]
}