{
  "teststorydesc" : "A mapping error in the IIS software results in the IIS being unable to recognize either administration site sent in RXR-2 even though it is valid. The acknowledgement message returned contains warnings for the invalid values.",
  "comments" : "No Comments",
  "preCondition" : "A VXU message is generated by the EHR.",
  "postCondition" : "No PostCondition",
  "testObjectives" : "Handling of an ACK message returned by the IIS with multiple warnings.<br>",
  "evaluationCriteria" : "The warnings returned in the acknowledgement message are visible in the system responsible for the content of the administration message.",
  "notes" : "No Note"
}