{
"version" : "2.9.7",
"profile" : "VXU_V04",
"tables":
[
		{
			"title":"Patient Information",
			"elements" : 
			[
				{"element" : "Patient Name", "data" : "Ashley Jennifer Broadbent"},
				{"element" : "Mother's Maiden Name", "data" : "Layton"},
				{"element" : "ID Number", "data" : "77100 "},
				{"element" : "Date/Time of Birth", "data" : "05/16/2015"},
				{"element" : "Administrative Sex", "data" : "Female"},
				{"element" : "Patient Address ", "data" : "901 North 12th St Bozeman MT 59715
USA "},
				{"element" : "Local Number", "data" : "(406)555-2262"},
				{"element" : "Race", "data" : "African American"},
				{"element" : "Ethnic Group", "data" : "Not Hispanic or Latino"},
				{"element" : "Multiple Birth Indicator", "data" : "N"},
				{"element" : "Birth Order", "data" : "1"}
			]
		},
		{
			"title":"Immunization Registry Information",
			"elements" : 
			[
				{"element" : "Immunization Registry Status", "data" : "A"},
				{"element" : "Immunization Registry Status Effective Date", "data" : "05/16/2015"},
				{"element" : "Publicity Code", "data" : "Reminder/recall - no calls"},
				{"element" : "Publicity Code Effective Date", "data" : "06/25/2015"},
				{"element" : "Protection Indicator", "data" : "No"},
				{"element" : "Protection Indicator Effective Date", "data" : "06/25/2015"}
			]
		},
		{
			"title":"Guardian or Responsible Party",
			"elements" : 
			[
				{"element" : "Name", "data" : "Ellen Broadbent"},
				{"element" : "Relationship", "data" : "Mother"},
				{"element" : "Address", "data" : "901 North 12th St Bozeman MT 59715 USA "},
				{"element" : "Phone Number", "data" : "(406)555-2262"},		]
		},
		{
			"title":"Vaccine Administration Information",
			"elements" : 
			[
				{"element" : "Administered Code", "data" : "ENGERIX-B"},
				{"element" : "Date/Time Start of Administration", "data" : "06/25/2015"},
				{"element" : "Administered Amount", "data" : "0.5"},
				{"element" : "Administered Units", "data" : "mL"},
				{"element" : "Administration Notes", "data" : "New Record"},
				{"element" : "Administering Provider", "data" : "Lily Jackson"},
				{"element" : "Substance Lot Number", "data" : "797397"},
				{"element" : "Substance Expiration Date", "data" : "12/03/2015"},
				{"element" : "Substance Manufacturer Name", "data" : "GlaxoSmithKline"},
				{"element" : "Substance/Treatment Refusal Reason", "data" : ""},
				{"element" : "Completion Status", "data" : "CP"},
				{"element" : "Action Code", "data" : "Add"},
				{"element" : "Route", "data" : "Intramuscular"},
				{"element" : "Administration Site", "data" : "Left Thigh"},
				{"element" : "Entering Organization", "data" : "West Clinic"},
				{"element" : "Entered By", "data" : "Lily Jackson"},
				{"element" : "Ordered By", "data" : "Wilma Thomas"},
					{"element" : "obx", "data" : 
					{
						"title":"Observations",
						"elements" : 
						[
							{"element" : "Vaccine Funding Source", "data" : "Private"},
							{"element" : "", "data" : ""},
							{"element" : "Vaccine Funding Program Eligibility", "data" : "Not VFC Eligible"},
							{"element" : "", "data" : ""},
							{"element" : "Document Type", "data" : "Hepatitis B VIS"},
							{"element" : "Date Vis Presented", "data" : "06/25/2015"},
	
	]					}
					}
		]
					}
					}
		]

		}
]
}