{
  "teststorydesc" : "A 4 year old female, Lacy Wells, is brought to a clinic for a well child visit by her guardian Janelle Trudeau. A clinic staff member collects basic patient demographic information including name, date of birth and sex. A clinic provider, Wilma Thomas (physician ID 654) reviews the patient's vaccination history and determines that the child requires DTaP, polio, MMR and varicella vaccinations. The child is covered by insurance and does not qualify for all Vaccine For Children (VFC) supplied vaccines. The guardian is given the appropriate Vaccine Information Sheet (VIS) to review. After reading it, she agrees that the child should receive all the vaccines. She also agrees that the data should be shared once it is incorporated into the local IIS. Appropriate doses of DTap-IPV (KINRIX) and MMRV (ProQuad) are selected from the clinic's stock of privately funded vaccines. A clinician, Lily Jackson (ID 7824) prepares and administers the doses to the patient and enters the data into the EHR and transmits it to the IIS.",
  "comments" : "No Comments",
  "preCondition" : "No PreCondition",
  "postCondition" : "No PostCondition",
  "testObjectives" : "<br>",
  "evaluationCriteria" : "Message Validation Report.<br>",
  "notes" : "No Note"
}