{
  "teststorydesc" : "A child, James Smith, is brought to the local clinic to determine what immunizations have been given and what immunizations are needed. A clinic staff member collects basic patient demographic information including name, date of birth and sex. A clinic provider uses this information to locate the patient's medical record. The staff member then uses the medical record and system capabilities to query the IIS to request an evaluated history and forecast for the patient.\r\n<br>\r\n<br>The IIS performs a search for James Smith and finds too many matches. The IIS returns a response message indicating no person found (too many matches) to the querying system. It is expected that the requesting system (e.g., EHR-S) process the response message and display some indication to the end user that the person was not found (too many matches).<br>",
  "comments" : "<br>",
  "preCondition" : "Person exists in the system with the complete demographics as provided in the Test Data Specification.\r\n<br>\r\n<br>Person has Medical Record Number (MR).\r\n<br>\r\n<br>Person may have a record in the IIS, however the IIS is unable narrow the search results to a single match (multiple matches exist).",
  "postCondition" : "The clinician is provided some indication that too many matches were found.",
  "testObjectives" : "Tests for a typically valued query message. Test the capability of the EHR-S to process a response message that returns no persons found (too many matches) and to provide an indication to the end user.",
  "evaluationCriteria" : "Query Message: Message Validation Report\r\n<br/>\r\nResponse Message: Juror Document. The EHR-S receives the response and alerts the clinician that too many matches were found.",
  "notes" : "The NIST tool is simulating a response from the IIS.<br>"
}